Rule Name,Direction,Remote IP,Protocol,Local Port,Action,Audit Flag,Recommendation
Google Chrome (mDNS-In),In,Any,UDP,5353.0,Allow,High Risk,Restrict remote IP access
Microsoft Edge (mDNS-In),In,Any,UDP,5353.0,Allow,High Risk,Restrict remote IP access
Microsoft Edge (mDNS-In),In,Any,UDP,5353.0,Allow,High Risk,Restrict remote IP access
WFD ASP Coordination Protocol (UDP-Out),Out,LocalSubnet,UDP,7235.0,Allow,High Risk,Restrict remote IP access
WFD ASP Coordination Protocol (UDP-In),In,LocalSubnet,UDP,7235.0,Allow,High Risk,Restrict remote IP access
Advanced TCP/IP Printer Port,In,Any,TCP,9100.0,Allow,High Risk,Restrict remote IP access
Advanced TCP/IP SLP Port,In,Any,TCP,427.0,Allow,High Risk,Restrict remote IP access
Advanced TCP/IP SNMP Port,In,Any,TCP,161.0,Allow,High Risk,Restrict remote IP access
Media Center Extenders - qWave (TCP-In),In,LocalSubnet,TCP,2177.0,Allow,High Risk,Restrict remote IP access
Windows Media Player Network Sharing Service (qWave-UDP-In),In,Any,UDP,2177.0,Allow,High Risk,Restrict remote IP access
BranchCache Content Retrieval (HTTP-In),In,Any,TCP,80.0,Allow,High Risk,Restrict remote IP access
Windows Media Player Network Sharing Service (HTTP-Streaming-In),In,Any,TCP,10243.0,Allow,High Risk,Restrict remote IP access
Cast to Device streaming server (HTTP-Streaming-In),In,Any,TCP,10246.0,Allow,High Risk,Restrict remote IP access
Cast to Device streaming server (HTTP-Streaming-In),In,Any,TCP,10246.0,Allow,High Risk,Restrict remote IP access
Remote Desktop - User Mode (UDP-In),In,Any,UDP,3389.0,Allow,High Risk,Restrict remote IP access
Remote Desktop - User Mode (TCP-In),In,Any,TCP,3389.0,Allow,High Risk,Restrict remote IP access
Media Center Extenders - Media Streaming (TCP-In),In,LocalSubnet,TCP,2869.0,Allow,High Risk,Restrict remote IP access
Key Management Service (TCP-In),In,Any,TCP,1688.0,Allow,High Risk,Restrict remote IP access
Media Center Extenders - Media Streaming (UDP-Out),Out,LocalSubnet,UDP,1900.0,Allow,High Risk,Restrict remote IP access
Cast to Device UPnP Events (TCP-In),In,Any,TCP,2869.0,Allow,High Risk,Restrict remote IP access
Wireless Portable Devices (SSDP-In),In,LocalSubnet,UDP,1900.0,Allow,High Risk,Restrict remote IP access
Media Center Extenders - SSDP (UDP-In),In,LocalSubnet,UDP,1900.0,Allow,High Risk,Restrict remote IP access
Cast to Device functionality (qWave-TCP-In),In,Any,TCP,2177.0,Allow,High Risk,Restrict remote IP access
Cast to Device streaming server (HTTP-Streaming-In),In,LocalSubnet,TCP,10246.0,Allow,High Risk,Restrict remote IP access
Windows Media Player Network Sharing Service (HTTP-Streaming-In),In,LocalSubnet,TCP,10243.0,Allow,High Risk,Restrict remote IP access
Wireless Portable Devices (UPnP-In),In,LocalSubnet,TCP,2869.0,Allow,High Risk,Restrict remote IP access
Windows Media Player Network Sharing Service (SSDP-In),In,LocalSubnet,UDP,1900.0,Allow,High Risk,Restrict remote IP access
File and Printer Sharing over SMBDirect (iWARP-In),In,Any,TCP,5445.0,Allow,High Risk,Restrict remote IP access
Key Management Service (TCP-In),In,LocalSubnet,TCP,1688.0,Allow,High Risk,Restrict remote IP access
Media Center Extenders - XSP (TCP-In),In,LocalSubnet,TCP,3390.0,Allow,High Risk,Restrict remote IP access
Remote Desktop - (TCP-WSS-In),In,Any,TCP,3392.0,Allow,High Risk,Restrict remote IP access
Cast to Device functionality (qWave-UDP-In),In,Any,UDP,2177.0,Allow,High Risk,Restrict remote IP access
Windows Media Player Network Sharing Service (qWave-TCP-In),In,Any,TCP,2177.0,Allow,High Risk,Restrict remote IP access
Windows Media Player Network Sharing Service (UPnP-In),In,LocalSubnet,TCP,2869.0,Allow,High Risk,Restrict remote IP access
Windows Media Player Network Sharing Service (qWave-UDP-In),In,LocalSubnet,UDP,2177.0,Allow,High Risk,Restrict remote IP access
Windows Media Player Network Sharing Service (qWave-TCP-In),In,LocalSubnet,TCP,2177.0,Allow,High Risk,Restrict remote IP access
Media Center Extenders - qWave (UDP-In),In,LocalSubnet,UDP,2177.0,Allow,High Risk,Restrict remote IP access
Media Center Extenders - HTTP Streaming (TCP-In),In,LocalSubnet,TCP,10244.0,Allow,High Risk,Restrict remote IP access
BranchCache Peer Discovery (WSD-In),In,LocalSubnet,UDP,3702.0,Allow,High Risk,Restrict remote IP access
Remote Desktop - (TCP-WS-In),In,Any,TCP,3387.0,Allow,High Risk,Restrict remote IP access
mDNS (UDP-In),In,LocalSubnet,UDP,5353.0,Allow,High Risk,Restrict remote IP access
Windows Remote Management - Compatibility Mode (HTTP-In),In,Any,TCP,80.0,Allow,High Risk,Restrict remote IP access
mDNS (UDP-In),In,Any,UDP,5353.0,Allow,High Risk,Restrict remote IP access
Core Networking - Dynamic Host Configuration Protocol for IPv6(DHCPV6-Out),Out,Any,UDP,546.0,Allow,High Risk,Restrict remote IP access
DIAL protocol server (HTTP-In),In,LocalSubnet,TCP,10247.0,Allow,High Risk,Restrict remote IP access
Secure Socket Tunneling Protocol (SSTP-In),In,Any,TCP,443.0,Allow,High Risk,Restrict remote IP access
File and Printer Sharing (LLMNR-UDP-In),In,LocalSubnet,UDP,5355.0,Allow,High Risk,Restrict remote IP access
Network Discovery (WSD-In),In,LocalSubnet,UDP,3702.0,Allow,High Risk,Restrict remote IP access
Windows Peer to Peer Collaboration Foundation (SSDP-In),In,LocalSubnet,UDP,1900.0,Allow,High Risk,Restrict remote IP access
File and Printer Sharing (NB-Datagram-In),In,LocalSubnet,UDP,138.0,Allow,High Risk,Restrict remote IP access
Network Discovery (Pub-WSD-In),In,LocalSubnet,UDP,3702.0,Allow,High Risk,Restrict remote IP access
Remote Assistance (SSDP TCP-In),In,LocalSubnet,TCP,2869.0,Allow,High Risk,Restrict remote IP access
Windows Management Instrumentation (DCOM-In),In,Any,TCP,135.0,Allow,High Risk,Restrict remote IP access
Network Discovery (UPnP-In),In,Any,TCP,2869.0,Allow,High Risk,Restrict remote IP access
Performance Logs and Alerts (DCOM-In),In,LocalSubnet,TCP,135.0,Allow,High Risk,Restrict remote IP access
Windows Collaboration Computer Name Registration Service (SSDP-In),In,LocalSubnet,UDP,1900.0,Allow,High Risk,Restrict remote IP access
Network Discovery (WSD Events-In),In,LocalSubnet,TCP,5357.0,Allow,High Risk,Restrict remote IP access
Windows Remote Management (HTTP-In),In,Any,TCP,5985.0,Allow,High Risk,Restrict remote IP access
Performance Logs and Alerts (DCOM-In),In,Any,TCP,135.0,Allow,High Risk,Restrict remote IP access
Network Discovery (NB-Datagram-In),In,LocalSubnet,UDP,138.0,Allow,High Risk,Restrict remote IP access
Network Discovery (WSD EventsSecure-In),In,LocalSubnet,TCP,5358.0,Allow,High Risk,Restrict remote IP access
AllJoyn Router (TCP-In),In,Any,TCP,9955.0,Allow,High Risk,Restrict remote IP access
Core Networking - Dynamic Host Configuration Protocol (DHCP-Out),Out,Any,UDP,68.0,Allow,High Risk,Restrict remote IP access
Routing and Remote Access (L2TP-In),In,Any,UDP,1701.0,Allow,High Risk,Restrict remote IP access
Network Discovery (LLMNR-UDP-In),In,LocalSubnet,UDP,5355.0,Allow,High Risk,Restrict remote IP access
mDNS (UDP-In),In,LocalSubnet,UDP,5353.0,Allow,High Risk,Restrict remote IP access
Network Discovery (SSDP-In),In,LocalSubnet,UDP,1900.0,Allow,High Risk,Restrict remote IP access
Netlogon Service (NP-In),In,Any,TCP,445.0,Allow,High Risk,Restrict remote IP access
Remote Assistance (SSDP UDP-In),In,LocalSubnet,UDP,1900.0,Allow,High Risk,Restrict remote IP access
TPM Virtual Smart Card Management (DCOM-In),In,LocalSubnet,TCP,135.0,Allow,High Risk,Restrict remote IP access
Network Discovery (NB-Name-In),In,Any,UDP,137.0,Allow,High Risk,Restrict remote IP access
File and Printer Sharing (SMB-In),In,Any,TCP,445.0,Allow,High Risk,Restrict remote IP access
Remote Service Management (NP-In),In,LocalSubnet,TCP,445.0,Allow,High Risk,Restrict remote IP access
Network Discovery (UPnP-In),In,LocalSubnet,TCP,2869.0,Allow,High Risk,Restrict remote IP access
File and Printer Sharing (SMB-In),In,LocalSubnet,TCP,445.0,Allow,High Risk,Restrict remote IP access
Network Discovery (NB-Datagram-In),In,LocalSubnet,UDP,138.0,Allow,High Risk,Restrict remote IP access
Remote Service Management (NP-In),In,Any,TCP,445.0,Allow,High Risk,Restrict remote IP access
Network Discovery (NB-Name-In),In,LocalSubnet,UDP,137.0,Allow,High Risk,Restrict remote IP access
File and Printer Sharing (NB-Session-In),In,LocalSubnet,TCP,139.0,Allow,High Risk,Restrict remote IP access
Network Discovery (WSD-In),In,LocalSubnet,UDP,3702.0,Allow,High Risk,Restrict remote IP access
File and Printer Sharing (NB-Name-In),In,Any,UDP,137.0,Allow,High Risk,Restrict remote IP access
Network Discovery (SSDP-In),In,LocalSubnet,UDP,1900.0,Allow,High Risk,Restrict remote IP access
Windows Remote Management - Compatibility Mode (HTTP-In),In,LocalSubnet,TCP,80.0,Allow,High Risk,Restrict remote IP access
Network Discovery (WSD EventsSecure-In),In,Any,TCP,5358.0,Allow,High Risk,Restrict remote IP access
Virtual Machine Monitoring (NB-Session-In),In,Any,TCP,139.0,Allow,High Risk,Restrict remote IP access
Network Discovery (WSD Events-In),In,Any,TCP,5357.0,Allow,High Risk,Restrict remote IP access
DIAL protocol server (HTTP-In),In,Any,TCP,10247.0,Allow,High Risk,Restrict remote IP access
Windows Peer to Peer Collaboration Foundation (PNRP-In),In,Any,UDP,3540.0,Allow,High Risk,Restrict remote IP access
Remote Assistance (PNRP-In),In,Any,UDP,3540.0,Allow,High Risk,Restrict remote IP access
Network Discovery (Pub-WSD-In),In,LocalSubnet,UDP,3702.0,Allow,High Risk,Restrict remote IP access
Wireless Display Infrastructure Back Channel (TCP-In),In,Any,TCP,7250.0,Allow,High Risk,Restrict remote IP access
Windows Management Instrumentation (DCOM-In),In,LocalSubnet,TCP,135.0,Allow,High Risk,Restrict remote IP access
Network Discovery (NB-Datagram-In),In,Any,UDP,138.0,Allow,High Risk,Restrict remote IP access
Virtual Machine Monitoring (DCOM-In),In,Any,TCP,135.0,Allow,High Risk,Restrict remote IP access
Routing and Remote Access (PPTP-In),In,Any,TCP,1723.0,Allow,High Risk,Restrict remote IP access
Remote Assistance (PNRP-In),In,Any,UDP,3540.0,Allow,High Risk,Restrict remote IP access
Network Discovery (NB-Name-In),In,LocalSubnet,UDP,137.0,Allow,High Risk,Restrict remote IP access
File and Printer Sharing (NB-Name-In),In,LocalSubnet,UDP,137.0,Allow,High Risk,Restrict remote IP access
Delivery Optimization (TCP-In),In,Any,TCP,7680.0,Allow,High Risk,Restrict remote IP access
Windows Remote Management (HTTP-In),In,LocalSubnet,TCP,5985.0,Allow,High Risk,Restrict remote IP access
File and Printer Sharing (NB-Datagram-In),In,Any,UDP,138.0,Allow,High Risk,Restrict remote IP access
SNMP Trap Service (UDP In),In,Any,UDP,162.0,Allow,High Risk,Restrict remote IP access
Network Discovery (UPnP-In),In,LocalSubnet,TCP,2869.0,Allow,High Risk,Restrict remote IP access
Network Discovery (WSD EventsSecure-In),In,LocalSubnet,TCP,5358.0,Allow,High Risk,Restrict remote IP access
Remote Assistance (DCOM-In),In,Any,TCP,135.0,Allow,High Risk,Restrict remote IP access
Network Discovery (WSD Events-In),In,LocalSubnet,TCP,5357.0,Allow,High Risk,Restrict remote IP access
Network Discovery (WSD-In),In,LocalSubnet,UDP,3702.0,Allow,High Risk,Restrict remote IP access
Core Networking - Dynamic Host Configuration Protocol for IPv6(DHCPV6-In),In,Any,UDP,546.0,Allow,High Risk,Restrict remote IP access
Network Discovery (WSD-In),In,LocalSubnet,UDP,3702.0,Allow,High Risk,Restrict remote IP access
TPM Virtual Smart Card Management (DCOM-In),In,Any,TCP,135.0,Allow,High Risk,Restrict remote IP access
File and Printer Sharing (NB-Session-In),In,Any,TCP,139.0,Allow,High Risk,Restrict remote IP access
Core Networking - Dynamic Host Configuration Protocol (DHCP-In),In,Any,UDP,68.0,Allow,High Risk,Restrict remote IP access
Network Discovery (LLMNR-UDP-In),In,LocalSubnet,UDP,5355.0,Allow,High Risk,Restrict remote IP access
Delivery Optimization (UDP-In),In,Any,UDP,7680.0,Allow,High Risk,Restrict remote IP access
SNMP Trap Service (UDP In),In,LocalSubnet,UDP,162.0,Allow,High Risk,Restrict remote IP access
Remote Event Log Management (NP-In),In,LocalSubnet,TCP,445.0,Allow,High Risk,Restrict remote IP access
Windows Collaboration Computer Name Registration Service (PNRP-In),In,Any,UDP,3540.0,Allow,High Risk,Restrict remote IP access
Windows Peer to Peer Collaboration Foundation (WSD-In),In,LocalSubnet,UDP,3702.0,Allow,High Risk,Restrict remote IP access
Remote Event Log Management (NP-In),In,Any,TCP,445.0,Allow,High Risk,Restrict remote IP access
