Rule Name,Direction,Remote IP,Protocol,Action,Local Port,Refined Risk Score,Refined Risk Level,Audit Flag,Recommendation
WhatsApp,In,Any,Any,Allow,All Ports,2,Medium,High Risk,Restrict remote IP access
WhatsApp,Out,Any,Any,Allow,All Ports,2,Medium,High Risk,Restrict remote IP access
Google Chrome (mDNS-In),In,Any,UDP,Allow,5353,3,Medium,High Risk,Restrict remote IP access
Xbox,In,Any,Any,Allow,All Ports,2,Medium,High Risk,Restrict remote IP access
Xbox,Out,Any,Any,Allow,All Ports,2,Medium,High Risk,Restrict remote IP access
@{Microsoft.WindowsTerminal_1.22.11141.0_x64__8wekyb3d8bbwe?ms-resource://Microsoft.WindowsTerminal/Resources/AppStoreName},Out,Any,Any,Allow,All Ports,2,Medium,High Risk,Restrict remote IP access
Microsoft 365 Copilot,Out,Any,Any,Allow,All Ports,2,Medium,High Risk,Restrict remote IP access
Microsoft Edge (mDNS-In),In,Any,UDP,Allow,5353,3,Medium,High Risk,Restrict remote IP access
Microsoft Edge (mDNS-In),In,Any,UDP,Allow,5353,3,Medium,High Risk,Restrict remote IP access
Prime Video for Windows,Out,Any,Any,Allow,All Ports,2,Medium,High Risk,Restrict remote IP access
@{Microsoft.ZuneMusic_11.2503.5.0_x64__8wekyb3d8bbwe?ms-resource://Microsoft.ZuneMusic/Resources/AppStoreName},In,Any,Any,Allow,All Ports,2,Medium,High Risk,Restrict remote IP access
@{Microsoft.ZuneMusic_11.2503.5.0_x64__8wekyb3d8bbwe?ms-resource://Microsoft.ZuneMusic/Resources/AppStoreName},Out,Any,Any,Allow,All Ports,2,Medium,High Risk,Restrict remote IP access
@{Microsoft.ZuneVideo_10.25031.10021.0_x64__8wekyb3d8bbwe?ms-resource://Microsoft.ZuneVideo/resources/IDS_MANIFEST_VIDEO_APP_NAME},In,Any,Any,Allow,All Ports,2,Medium,High Risk,Restrict remote IP access
@{Microsoft.ZuneVideo_10.25031.10021.0_x64__8wekyb3d8bbwe?ms-resource://Microsoft.ZuneVideo/resources/IDS_MANIFEST_VIDEO_APP_NAME},Out,Any,Any,Allow,All Ports,2,Medium,High Risk,Restrict remote IP access
@{Microsoft.WindowsCamera_2025.2502.17.0_x64__8wekyb3d8bbwe?ms-resource://Microsoft.WindowsCamera/LensSDK/Resources/AppStoreName},In,Any,Any,Allow,All Ports,2,Medium,High Risk,Restrict remote IP access
@{Microsoft.WindowsCamera_2025.2502.17.0_x64__8wekyb3d8bbwe?ms-resource://Microsoft.WindowsCamera/LensSDK/Resources/AppStoreName},Out,Any,Any,Allow,All Ports,2,Medium,High Risk,Restrict remote IP access
Game Bar,In,Any,Any,Allow,All Ports,2,Medium,High Risk,Restrict remote IP access
Game Bar,Out,Any,Any,Allow,All Ports,2,Medium,High Risk,Restrict remote IP access
@{Microsoft.WindowsAlarms_11.2503.4.0_x64__8wekyb3d8bbwe?ms-resource://Microsoft.WindowsAlarms/Resources/AppStoreName},In,Any,Any,Allow,All Ports,2,Medium,High Risk,Restrict remote IP access
@{Microsoft.WindowsAlarms_11.2503.4.0_x64__8wekyb3d8bbwe?ms-resource://Microsoft.WindowsAlarms/Resources/AppStoreName},Out,Any,Any,Allow,All Ports,2,Medium,High Risk,Restrict remote IP access
Microsoft Teams,In,Any,UDP,Allow,Any,3,Medium,High Risk,Restrict remote IP access
Microsoft Teams,In,Any,TCP,Allow,Any,3,Medium,High Risk,Restrict remote IP access
Windows Web Experience Pack,Out,Any,Any,Allow,All Ports,2,Medium,High Risk,Restrict remote IP access
@{Microsoft.DesktopAppInstaller_1.25.390.0_x64__8wekyb3d8bbwe?ms-resource://Microsoft.DesktopAppInstaller/Resources/appDisplayName},In,Any,Any,Allow,All Ports,2,Medium,High Risk,Restrict remote IP access
@{Microsoft.DesktopAppInstaller_1.25.390.0_x64__8wekyb3d8bbwe?ms-resource://Microsoft.DesktopAppInstaller/Resources/appDisplayName},Out,Any,Any,Allow,All Ports,2,Medium,High Risk,Restrict remote IP access
Microsoft Store,In,Any,Any,Allow,All Ports,2,Medium,High Risk,Restrict remote IP access
Microsoft Store,Out,Any,Any,Allow,All Ports,2,Medium,High Risk,Restrict remote IP access
@{Microsoft.WindowsFeedbackHub_1.2503.11103.0_x64__8wekyb3d8bbwe?ms-resource://Microsoft.WindowsFeedbackHub/Resources/AppStoreName},In,Any,Any,Allow,All Ports,2,Medium,High Risk,Restrict remote IP access
@{Microsoft.WindowsFeedbackHub_1.2503.11103.0_x64__8wekyb3d8bbwe?ms-resource://Microsoft.WindowsFeedbackHub/Resources/AppStoreName},Out,Any,Any,Allow,All Ports,2,Medium,High Risk,Restrict remote IP access
Widgets Platform Runtime,Out,Any,Any,Allow,All Ports,2,Medium,High Risk,Restrict remote IP access
@{MicrosoftWindows.Client.CBS_1000.22700.1077.0_x64__cw5n1h2txyewy?ms-resource://MicrosoftWindows.Client.CBS/resources/ProductPkgDisplayName},In,Any,Any,Allow,All Ports,2,Medium,High Risk,Restrict remote IP access
@{MicrosoftWindows.Client.CBS_1000.22700.1077.0_x64__cw5n1h2txyewy?ms-resource://MicrosoftWindows.Client.CBS/resources/ProductPkgDisplayName},Out,Any,Any,Allow,All Ports,2,Medium,High Risk,Restrict remote IP access
@{MicrosoftWindows.LKG.TwinSxS_1000.22621.5185.0_x64__cw5n1h2txyewy?ms-resource://MicrosoftWindows.LKG.TwinSxS/Resources/ProductPkgDisplayName},Out,Any,Any,Allow,All Ports,2,Medium,High Risk,Restrict remote IP access
@{MicrosoftWindows.LKG.SpeechRuntime_1000.22621.5185.0_x64__cw5n1h2txyewy?ms-resource://MicrosoftWindows.LKG.SpeechRuntime/Resources/ProductPkgDisplayName},Out,Any,Any,Allow,All Ports,2,Medium,High Risk,Restrict remote IP access
@{MicrosoftWindows.LKG.RulesEngine_1000.22621.5185.0_x64__cw5n1h2txyewy?ms-resource://MicrosoftWindows.LKG.RulesEngine/Resources/ProductPkgDisplayName},Out,Any,Any,Allow,All Ports,2,Medium,High Risk,Restrict remote IP access
@{MicrosoftWindows.LKG.IrisService_1000.22621.5185.0_x64__cw5n1h2txyewy?ms-resource://MicrosoftWindows.LKG.IrisService/Resources/ProductPkgDisplayName},Out,Any,Any,Allow,All Ports,2,Medium,High Risk,Restrict remote IP access
@{MicrosoftWindows.LKG.DesktopSpotlight_1000.22621.5185.0_x64__cw5n1h2txyewy?ms-resource://MicrosoftWindows.LKG.DesktopSpotlight/Resources/ProductPkgDisplayName},In,Any,Any,Allow,All Ports,2,Medium,High Risk,Restrict remote IP access
@{MicrosoftWindows.LKG.DesktopSpotlight_1000.22621.5185.0_x64__cw5n1h2txyewy?ms-resource://MicrosoftWindows.LKG.DesktopSpotlight/Resources/ProductPkgDisplayName},Out,Any,Any,Allow,All Ports,2,Medium,High Risk,Restrict remote IP access
@{MicrosoftWindows.LKG.AccountsService_1000.22621.5185.0_x64__cw5n1h2txyewy?ms-resource://MicrosoftWindows.LKG.AccountsService/Resources/ProductPkgDisplayName},Out,Any,Any,Allow,All Ports,2,Medium,High Risk,Restrict remote IP access
@{Microsoft.Windows.OOBENetworkCaptivePortal_10.0.21302.1000_neutral__cw5n1h2txyewy?ms-resource://Microsoft.Windows.OOBENetworkCaptivePortal/Resources/AppDisplayName},Out,Any,Any,Allow,All Ports,2,Medium,High Risk,Restrict remote IP access
@{Microsoft.SecHealthUI_1000.27777.1008.0_x64__8wekyb3d8bbwe?ms-resource://Microsoft.SecHealthUI/resources/PackageDisplayName},In,Any,Any,Allow,All Ports,2,Medium,High Risk,Restrict remote IP access
@{Microsoft.SecHealthUI_1000.27777.1008.0_x64__8wekyb3d8bbwe?ms-resource://Microsoft.SecHealthUI/resources/PackageDisplayName},Out,Any,Any,Allow,All Ports,2,Medium,High Risk,Restrict remote IP access
@{microsoft.windowscommunicationsapps_16005.14326.22342.0_x64__8wekyb3d8bbwe?ms-resource://microsoft.windowscommunicationsapps/hxoutlookintl/AppManifest_OutlookDesktop_DisplayName},In,Any,Any,Allow,All Ports,2,Medium,High Risk,Restrict remote IP access
@{microsoft.windowscommunicationsapps_16005.14326.22342.0_x64__8wekyb3d8bbwe?ms-resource://microsoft.windowscommunicationsapps/hxoutlookintl/AppManifest_OutlookDesktop_DisplayName},Out,Any,Any,Allow,All Ports,2,Medium,High Risk,Restrict remote IP access
Solitaire & Casual Games,In,Any,Any,Allow,All Ports,2,Medium,High Risk,Restrict remote IP access
Solitaire & Casual Games,Out,Any,Any,Allow,All Ports,2,Medium,High Risk,Restrict remote IP access
@{Clipchamp.Clipchamp_4.2.10020.0_x64__yxz26nhyzhsrt?ms-resource://Clipchamp.Clipchamp/Resources/Clipchamp/AppName},Out,Any,Any,Allow,All Ports,2,Medium,High Risk,Restrict remote IP access
@{Microsoft.StorePurchaseApp_22502.1401.1.0_x64__8wekyb3d8bbwe?ms-resource://Microsoft.StorePurchaseApp/Resources/DisplayTitle},In,Any,Any,Allow,All Ports,2,Medium,High Risk,Restrict remote IP access
@{Microsoft.StorePurchaseApp_22502.1401.1.0_x64__8wekyb3d8bbwe?ms-resource://Microsoft.StorePurchaseApp/Resources/DisplayTitle},Out,Any,Any,Allow,All Ports,2,Medium,High Risk,Restrict remote IP access
@{Microsoft.LockApp_10.0.22621.4974_neutral__cw5n1h2txyewy?ms-resource://Microsoft.LockApp/resources/AppDisplayName},Out,Any,Any,Allow,All Ports,2,Medium,High Risk,Restrict remote IP access
@{Microsoft.Windows.OOBENetworkCaptivePortal_10.0.21302.1000_neutral__cw5n1h2txyewy?ms-resource://Microsoft.Windows.OOBENetworkCaptivePortal/Resources/AppDisplayName},Out,Any,Any,Allow,All Ports,2,Medium,High Risk,Restrict remote IP access
@{MicrosoftWindows.Client.Core_1000.22700.1019.0_x64__cw5n1h2txyewy?ms-resource://MicrosoftWindows.Client.Core/resources/ProductPkgDisplayName},In,Any,Any,Allow,All Ports,2,Medium,High Risk,Restrict remote IP access
@{MicrosoftWindows.Client.Core_1000.22700.1019.0_x64__cw5n1h2txyewy?ms-resource://MicrosoftWindows.Client.Core/resources/ProductPkgDisplayName},Out,Any,Any,Allow,All Ports,2,Medium,High Risk,Restrict remote IP access
WFD Driver-only (UDP-In),In,Any,UDP,Allow,Any,3,Medium,High Risk,Restrict remote IP access
WFD ASP Coordination Protocol (UDP-Out),Out,LocalSubnet,UDP,Allow,7235,1,Low,High Risk,Restrict remote IP access
Inbound Rule for Remote Shutdown (RPC-EP-In),In,Any,TCP,Allow,RPC-EPMap,3,Medium,High Risk,Restrict remote IP access
WFD Driver-only (TCP-Out),Out,Any,TCP,Allow,Any,3,Medium,High Risk,Restrict remote IP access
WFD Driver-only (TCP-In),In,Any,TCP,Allow,Any,3,Medium,High Risk,Restrict remote IP access
WFD ASP Coordination Protocol (UDP-In),In,LocalSubnet,UDP,Allow,7235,1,Low,High Risk,Restrict remote IP access
Inbound Rule for Remote Shutdown (TCP-In),In,Any,TCP,Allow,RPC,3,Medium,High Risk,Restrict remote IP access
WFD Driver-only (UDP-Out),Out,Any,UDP,Allow,Any,3,Medium,High Risk,Restrict remote IP access
@{MicrosoftWindows.Client.Core_1000.22700.1019.0_x64__cw5n1h2txyewy?ms-resource://MicrosoftWindows.Client.Core/resources/ProductPkgDisplayName},In,Any,Any,Allow,All Ports,2,Medium,High Risk,Restrict remote IP access
@{MicrosoftWindows.Client.Core_1000.22700.1019.0_x64__cw5n1h2txyewy?ms-resource://MicrosoftWindows.Client.Core/resources/ProductPkgDisplayName},Out,Any,Any,Allow,All Ports,2,Medium,High Risk,Restrict remote IP access
@{Microsoft.Windows.OOBENetworkCaptivePortal_10.0.21302.1000_neutral__cw5n1h2txyewy?ms-resource://Microsoft.Windows.OOBENetworkCaptivePortal/Resources/AppDisplayName},Out,Any,Any,Allow,All Ports,2,Medium,High Risk,Restrict remote IP access
HP Smart,In,Any,Any,Allow,All Ports,2,Medium,High Risk,Restrict remote IP access
HP Smart,Out,Any,Any,Allow,All Ports,2,Medium,High Risk,Restrict remote IP access
@{Microsoft.WindowsCalculator_11.2502.2.0_x64__8wekyb3d8bbwe?ms-resource://Microsoft.WindowsCalculator/Resources/AppStoreName},Out,Any,Any,Allow,All Ports,2,Medium,High Risk,Restrict remote IP access
@{Microsoft.Messaging_5.2503.4003.0_x64__8wekyb3d8bbwe?ms-resource://Microsoft.Messaging/Resources/AppStoreName},In,Any,Any,Allow,All Ports,2,Medium,High Risk,Restrict remote IP access
@{Microsoft.Messaging_5.2503.4003.0_x64__8wekyb3d8bbwe?ms-resource://Microsoft.Messaging/Resources/AppStoreName},Out,Any,Any,Allow,All Ports,2,Medium,High Risk,Restrict remote IP access
@{Microsoft.WindowsSoundRecorder_11.2502.0.0_x64__8wekyb3d8bbwe?ms-resource://Microsoft.WindowsSoundRecorder/Resources/AppStoreName},Out,Any,Any,Allow,All Ports,2,Medium,High Risk,Restrict remote IP access
@{Microsoft.Windows.OOBENetworkCaptivePortal_10.0.21302.1000_neutral__cw5n1h2txyewy?ms-resource://Microsoft.Windows.OOBENetworkCaptivePortal/Resources/AppDisplayName},Out,Any,Any,Allow,All Ports,2,Medium,High Risk,Restrict remote IP access
@{Microsoft.Windows.OOBENetworkCaptivePortal_10.0.21302.1000_neutral__cw5n1h2txyewy?ms-resource://Microsoft.Windows.OOBENetworkCaptivePortal/Resources/AppDisplayName},Out,Any,Any,Allow,All Ports,2,Medium,High Risk,Restrict remote IP access
@{Microsoft.Windows.OOBENetworkCaptivePortal_10.0.21302.1000_neutral__cw5n1h2txyewy?ms-resource://Microsoft.Windows.OOBENetworkCaptivePortal/Resources/AppDisplayName},Out,Any,Any,Allow,All Ports,2,Medium,High Risk,Restrict remote IP access
@{Microsoft.BingWeather_4.54.63007.0_x64__8wekyb3d8bbwe?ms-resource://Microsoft.BingWeather/Resources/ApplicationTitleWithBranding},In,Any,Any,Allow,All Ports,2,Medium,High Risk,Restrict remote IP access
@{Microsoft.BingWeather_4.54.63007.0_x64__8wekyb3d8bbwe?ms-resource://Microsoft.BingWeather/Resources/ApplicationTitleWithBranding},Out,Any,Any,Allow,All Ports,2,Medium,High Risk,Restrict remote IP access
Microsoft Teams (personal),In,Any,UDP,Allow,Any,3,Medium,High Risk,Restrict remote IP access
Microsoft Teams (personal),In,Any,TCP,Allow,Any,3,Medium,High Risk,Restrict remote IP access
duolingo english test.exe,In,Any,UDP,Allow,Any,3,Medium,High Risk,Restrict remote IP access
duolingo english test.exe,In,Any,TCP,Allow,Any,3,Medium,High Risk,Restrict remote IP access
@{Microsoft.OneConnect_5.2411.7018.0_x64__8wekyb3d8bbwe?ms-resource://Microsoft.OneConnect/OneConnectStrings/OneConnect/AppStoreName},In,Any,Any,Allow,All Ports,2,Medium,High Risk,Restrict remote IP access
@{Microsoft.OneConnect_5.2411.7018.0_x64__8wekyb3d8bbwe?ms-resource://Microsoft.OneConnect/OneConnectStrings/OneConnect/AppStoreName},Out,Any,Any,Allow,All Ports,2,Medium,High Risk,Restrict remote IP access
@{Microsoft.Windows.OOBENetworkCaptivePortal_10.0.21302.1000_neutral__cw5n1h2txyewy?ms-resource://Microsoft.Windows.OOBENetworkCaptivePortal/Resources/AppDisplayName},Out,Any,Any,Allow,All Ports,2,Medium,High Risk,Restrict remote IP access
@{Microsoft.OneConnect_5.2411.7018.0_x64__8wekyb3d8bbwe?ms-resource://Microsoft.OneConnect/OneConnectStrings/OneConnect/AppStoreName},In,Any,Any,Allow,All Ports,2,Medium,High Risk,Restrict remote IP access
@{Microsoft.OneConnect_5.2411.7018.0_x64__8wekyb3d8bbwe?ms-resource://Microsoft.OneConnect/OneConnectStrings/OneConnect/AppStoreName},Out,Any,Any,Allow,All Ports,2,Medium,High Risk,Restrict remote IP access
Visual Studio Code,In,Any,UDP,Allow,Any,3,Medium,High Risk,Restrict remote IP access
Visual Studio Code,In,Any,TCP,Allow,Any,3,Medium,High Risk,Restrict remote IP access
@{Microsoft.Windows.OOBENetworkCaptivePortal_10.0.21302.1000_neutral__cw5n1h2txyewy?ms-resource://Microsoft.Windows.OOBENetworkCaptivePortal/Resources/AppDisplayName},Out,Any,Any,Allow,All Ports,2,Medium,High Risk,Restrict remote IP access
Visual Studio Code,In,Any,UDP,Allow,Any,3,Medium,High Risk,Restrict remote IP access
Visual Studio Code,In,Any,TCP,Allow,Any,3,Medium,High Risk,Restrict remote IP access
@{AppUp.IntelGraphicsExperience_1.100.5688.0_x64__8j3eq9eme6ctt?ms-resource://AppUp.IntelGraphicsExperience/Resources/System_Item_Title_IntelGraphicsControlPanel},Out,Any,Any,Allow,All Ports,2,Medium,High Risk,Restrict remote IP access
@{Microsoft.GetHelp_10.2409.22951.0_x64__8wekyb3d8bbwe?ms-resource://Microsoft.GetHelp/Resources/appDisplayName},Out,Any,Any,Allow,All Ports,2,Medium,High Risk,Restrict remote IP access
Skype,Out,Any,UDP,Allow,Any,3,Medium,High Risk,Restrict remote IP access
Skype,In,Any,UDP,Allow,Any,3,Medium,High Risk,Restrict remote IP access
Skype,Out,Any,TCP,Allow,Any,3,Medium,High Risk,Restrict remote IP access
Skype,In,Any,TCP,Allow,Any,3,Medium,High Risk,Restrict remote IP access
@{SpotifyAB.SpotifyMusic_1.249.439.0_x64__zpdnekdrzrea0?ms-resource://SpotifyAB.SpotifyMusic/Resources/AppTitle},Out,Any,Any,Allow,All Ports,2,Medium,High Risk,Restrict remote IP access
@{Microsoft.Windows.StartMenuExperienceHost_10.0.22621.4249_neutral_neutral_cw5n1h2txyewy?ms-resource://Microsoft.Windows.StartMenuExperienceHost/StartMenuExperienceHost/PkgDisplayName},In,Any,Any,Allow,All Ports,2,Medium,High Risk,Restrict remote IP access
@{Microsoft.Windows.StartMenuExperienceHost_10.0.22621.4249_neutral_neutral_cw5n1h2txyewy?ms-resource://Microsoft.Windows.StartMenuExperienceHost/StartMenuExperienceHost/PkgDisplayName},Out,Any,Any,Allow,All Ports,2,Medium,High Risk,Restrict remote IP access
@{Microsoft.Windows.OOBENetworkCaptivePortal_10.0.21302.1000_neutral__cw5n1h2txyewy?ms-resource://Microsoft.Windows.OOBENetworkCaptivePortal/Resources/AppDisplayName},Out,Any,Any,Allow,All Ports,2,Medium,High Risk,Restrict remote IP access
@{Microsoft.Windows.OOBENetworkCaptivePortal_10.0.21302.1000_neutral__cw5n1h2txyewy?ms-resource://Microsoft.Windows.OOBENetworkCaptivePortal/Resources/AppDisplayName},Out,Any,Any,Allow,All Ports,2,Medium,High Risk,Restrict remote IP access
@{Microsoft.Windows.OOBENetworkCaptivePortal_10.0.21302.1000_neutral__cw5n1h2txyewy?ms-resource://Microsoft.Windows.OOBENetworkCaptivePortal/Resources/AppDisplayName},Out,Any,Any,Allow,All Ports,2,Medium,High Risk,Restrict remote IP access
@{Microsoft.Windows.OOBENetworkCaptivePortal_10.0.21302.1000_neutral__cw5n1h2txyewy?ms-resource://Microsoft.Windows.OOBENetworkCaptivePortal/Resources/AppDisplayName},Out,Any,Any,Allow,All Ports,2,Medium,High Risk,Restrict remote IP access
@{MicrosoftWindows.Client.LKG_1000.22621.3880.0_x64__cw5n1h2txyewy?ms-resource://MicrosoftWindows.Client.LKG/resources/ProductPkgDisplayName},In,Any,Any,Allow,All Ports,2,Medium,High Risk,Restrict remote IP access
@{MicrosoftWindows.Client.LKG_1000.22621.3880.0_x64__cw5n1h2txyewy?ms-resource://MicrosoftWindows.Client.LKG/resources/ProductPkgDisplayName},Out,Any,Any,Allow,All Ports,2,Medium,High Risk,Restrict remote IP access
@{Microsoft.Windows.OOBENetworkCaptivePortal_10.0.21302.1000_neutral__cw5n1h2txyewy?ms-resource://Microsoft.Windows.OOBENetworkCaptivePortal/Resources/AppDisplayName},Out,Any,Any,Allow,All Ports,2,Medium,High Risk,Restrict remote IP access
@{Microsoft.XboxIdentityProvider_12.115.1001.0_x64__8wekyb3d8bbwe?ms-resource://Microsoft.XboxIdentityProvider/Resources/DisplayName},Out,Any,Any,Allow,All Ports,2,Medium,High Risk,Restrict remote IP access
@{Microsoft.Windows.OOBENetworkCaptivePortal_10.0.21302.1000_neutral__cw5n1h2txyewy?ms-resource://Microsoft.Windows.OOBENetworkCaptivePortal/Resources/AppDisplayName},Out,Any,Any,Allow,All Ports,2,Medium,High Risk,Restrict remote IP access
@{MicrosoftWindows.Client.FileExp_1000.22700.1000.0_x64__cw5n1h2txyewy?ms-resource://MicrosoftWindows.Client.FileExp/resources/ProductPkgDisplayName},Out,Any,Any,Allow,All Ports,2,Medium,High Risk,Restrict remote IP access
@{Microsoft.Windows.OOBENetworkCaptivePortal_10.0.21302.1000_neutral__cw5n1h2txyewy?ms-resource://Microsoft.Windows.OOBENetworkCaptivePortal/Resources/AppDisplayName},Out,Any,Any,Allow,All Ports,2,Medium,High Risk,Restrict remote IP access
@{Microsoft.Windows.OOBENetworkCaptivePortal_10.0.21302.1000_neutral__cw5n1h2txyewy?ms-resource://Microsoft.Windows.OOBENetworkCaptivePortal/Resources/AppDisplayName},Out,Any,Any,Allow,All Ports,2,Medium,High Risk,Restrict remote IP access
@{Microsoft.Windows.OOBENetworkCaptivePortal_10.0.21302.1000_neutral__cw5n1h2txyewy?ms-resource://Microsoft.Windows.OOBENetworkCaptivePortal/Resources/AppDisplayName},Out,Any,Any,Allow,All Ports,2,Medium,High Risk,Restrict remote IP access
python.exe,In,Any,UDP,Allow,Any,3,Medium,High Risk,Restrict remote IP access
python.exe,In,Any,TCP,Allow,Any,3,Medium,High Risk,Restrict remote IP access
Visual Studio Code,In,Any,UDP,Block,Any,0,Low,High Risk,Restrict remote IP access
Visual Studio Code,In,Any,TCP,Block,Any,0,Low,High Risk,Restrict remote IP access
packettracer6,In,Any,UDP,Allow,Any,3,Medium,High Risk,Restrict remote IP access
packettracer6,In,Any,TCP,Allow,Any,3,Medium,High Risk,Restrict remote IP access
FileZilla Server,In,Any,UDP,Allow,Any,3,Medium,High Risk,Restrict remote IP access
FileZilla Server,In,Any,TCP,Allow,Any,3,Medium,High Risk,Restrict remote IP access
@{Microsoft.Todos_0.114.7122.0_x64__8wekyb3d8bbwe?ms-resource://Microsoft.Todos/Resources/app_name_ms_todo},In,Any,Any,Allow,All Ports,2,Medium,High Risk,Restrict remote IP access
@{Microsoft.Todos_0.114.7122.0_x64__8wekyb3d8bbwe?ms-resource://Microsoft.Todos/Resources/app_name_ms_todo},Out,Any,Any,Allow,All Ports,2,Medium,High Risk,Restrict remote IP access
@{Microsoft.Windows.OOBENetworkCaptivePortal_10.0.21302.1000_neutral__cw5n1h2txyewy?ms-resource://Microsoft.Windows.OOBENetworkCaptivePortal/Resources/AppDisplayName},Out,Any,Any,Allow,All Ports,2,Medium,High Risk,Restrict remote IP access
@{Microsoft.Windows.OOBENetworkCaptivePortal_10.0.21302.1000_neutral__cw5n1h2txyewy?ms-resource://Microsoft.Windows.OOBENetworkCaptivePortal/Resources/AppDisplayName},Out,Any,Any,Allow,All Ports,2,Medium,High Risk,Restrict remote IP access
@{Microsoft.Windows.OOBENetworkCaptivePortal_10.0.21302.1000_neutral__cw5n1h2txyewy?ms-resource://Microsoft.Windows.OOBENetworkCaptivePortal/Resources/AppDisplayName},Out,Any,Any,Allow,All Ports,2,Medium,High Risk,Restrict remote IP access
@{Microsoft.Windows.OOBENetworkCaptivePortal_10.0.21302.1000_neutral__cw5n1h2txyewy?ms-resource://Microsoft.Windows.OOBENetworkCaptivePortal/Resources/AppDisplayName},Out,Any,Any,Allow,All Ports,2,Medium,High Risk,Restrict remote IP access
@{Microsoft.People_10.2202.100.0_x64__8wekyb3d8bbwe?ms-resource://Microsoft.People/Resources/AppStoreName},Out,Any,Any,Allow,All Ports,2,Medium,High Risk,Restrict remote IP access
@{Microsoft.Windows.OOBENetworkCaptivePortal_10.0.21302.1000_neutral__cw5n1h2txyewy?ms-resource://Microsoft.Windows.OOBENetworkCaptivePortal/Resources/AppDisplayName},Out,Any,Any,Allow,All Ports,2,Medium,High Risk,Restrict remote IP access
@{Microsoft.Windows.OOBENetworkCaptivePortal_10.0.21302.1000_neutral__cw5n1h2txyewy?ms-resource://Microsoft.Windows.OOBENetworkCaptivePortal/Resources/AppDisplayName},Out,Any,Any,Allow,All Ports,2,Medium,High Risk,Restrict remote IP access
@{Microsoft.Windows.OOBENetworkCaptivePortal_10.0.21302.1000_neutral__cw5n1h2txyewy?ms-resource://Microsoft.Windows.OOBENetworkCaptivePortal/Resources/AppDisplayName},Out,Any,Any,Allow,All Ports,2,Medium,High Risk,Restrict remote IP access
@{Microsoft.Windows.OOBENetworkCaptivePortal_10.0.21302.1000_neutral__cw5n1h2txyewy?ms-resource://Microsoft.Windows.OOBENetworkCaptivePortal/Resources/AppDisplayName},Out,Any,Any,Allow,All Ports,2,Medium,High Risk,Restrict remote IP access
@{Microsoft.Windows.OOBENetworkCaptivePortal_10.0.21302.1000_neutral__cw5n1h2txyewy?ms-resource://Microsoft.Windows.OOBENetworkCaptivePortal/Resources/AppDisplayName},Out,Any,Any,Allow,All Ports,2,Medium,High Risk,Restrict remote IP access
@{Microsoft.Windows.OOBENetworkCaptivePortal_10.0.21302.1000_neutral__cw5n1h2txyewy?ms-resource://Microsoft.Windows.OOBENetworkCaptivePortal/Resources/AppDisplayName},Out,Any,Any,Allow,All Ports,2,Medium,High Risk,Restrict remote IP access
Intelr OptaneT Memory and Storage Management,Out,Any,Any,Allow,All Ports,2,Medium,High Risk,Restrict remote IP access
@{Microsoft.Windows.OOBENetworkCaptivePortal_10.0.21302.1000_neutral__cw5n1h2txyewy?ms-resource://Microsoft.Windows.OOBENetworkCaptivePortal/Resources/AppDisplayName},Out,Any,Any,Allow,All Ports,2,Medium,High Risk,Restrict remote IP access
@{Microsoft.Windows.OOBENetworkCaptivePortal_10.0.21302.1000_neutral__cw5n1h2txyewy?ms-resource://Microsoft.Windows.OOBENetworkCaptivePortal/Resources/AppDisplayName},Out,Any,Any,Allow,All Ports,2,Medium,High Risk,Restrict remote IP access
@{Microsoft.Windows.OOBENetworkCaptivePortal_10.0.21302.1000_neutral__cw5n1h2txyewy?ms-resource://Microsoft.Windows.OOBENetworkCaptivePortal/Resources/AppDisplayName},Out,Any,Any,Allow,All Ports,2,Medium,High Risk,Restrict remote IP access
@{Microsoft.Windows.OOBENetworkCaptivePortal_10.0.21302.1000_neutral__cw5n1h2txyewy?ms-resource://Microsoft.Windows.OOBENetworkCaptivePortal/Resources/AppDisplayName},Out,Any,Any,Allow,All Ports,2,Medium,High Risk,Restrict remote IP access
@{Microsoft.Windows.OOBENetworkCaptivePortal_10.0.21302.1000_neutral__cw5n1h2txyewy?ms-resource://Microsoft.Windows.OOBENetworkCaptivePortal/Resources/AppDisplayName},Out,Any,Any,Allow,All Ports,2,Medium,High Risk,Restrict remote IP access
@{Microsoft.Windows.OOBENetworkCaptivePortal_10.0.21302.1000_neutral__cw5n1h2txyewy?ms-resource://Microsoft.Windows.OOBENetworkCaptivePortal/Resources/AppDisplayName},Out,Any,Any,Allow,All Ports,2,Medium,High Risk,Restrict remote IP access
Packet Tracer Executable,In,Any,UDP,Allow,Any,3,Medium,High Risk,Restrict remote IP access
Packet Tracer Executable,In,Any,TCP,Allow,Any,3,Medium,High Risk,Restrict remote IP access
@{Microsoft.Windows.OOBENetworkCaptivePortal_10.0.21302.1000_neutral__cw5n1h2txyewy?ms-resource://Microsoft.Windows.OOBENetworkCaptivePortal/Resources/AppDisplayName},Out,Any,Any,Allow,All Ports,2,Medium,High Risk,Restrict remote IP access
@{Microsoft.Windows.OOBENetworkCaptivePortal_10.0.21302.1000_neutral__cw5n1h2txyewy?ms-resource://Microsoft.Windows.OOBENetworkCaptivePortal/Resources/AppDisplayName},Out,Any,Any,Allow,All Ports,2,Medium,High Risk,Restrict remote IP access
@{Microsoft.Windows.OOBENetworkCaptivePortal_10.0.21302.1000_neutral__cw5n1h2txyewy?ms-resource://Microsoft.Windows.OOBENetworkCaptivePortal/Resources/AppDisplayName},Out,Any,Any,Allow,All Ports,2,Medium,High Risk,Restrict remote IP access
@{Microsoft.Windows.OOBENetworkCaptivePortal_10.0.21302.1000_neutral__cw5n1h2txyewy?ms-resource://Microsoft.Windows.OOBENetworkCaptivePortal/Resources/AppDisplayName},Out,Any,Any,Allow,All Ports,2,Medium,High Risk,Restrict remote IP access
@{Microsoft.Windows.OOBENetworkCaptivePortal_10.0.21302.1000_neutral__cw5n1h2txyewy?ms-resource://Microsoft.Windows.OOBENetworkCaptivePortal/Resources/AppDisplayName},Out,Any,Any,Allow,All Ports,2,Medium,High Risk,Restrict remote IP access
@{Microsoft.Windows.OOBENetworkCaptivePortal_10.0.21302.1000_neutral__cw5n1h2txyewy?ms-resource://Microsoft.Windows.OOBENetworkCaptivePortal/Resources/AppDisplayName},Out,Any,Any,Allow,All Ports,2,Medium,High Risk,Restrict remote IP access
@{Microsoft.Windows.OOBENetworkCaptivePortal_10.0.21302.1000_neutral__cw5n1h2txyewy?ms-resource://Microsoft.Windows.OOBENetworkCaptivePortal/Resources/AppDisplayName},Out,Any,Any,Allow,All Ports,2,Medium,High Risk,Restrict remote IP access
@{Microsoft.Windows.OOBENetworkCaptivePortal_10.0.21302.1000_neutral__cw5n1h2txyewy?ms-resource://Microsoft.Windows.OOBENetworkCaptivePortal/Resources/AppDisplayName},Out,Any,Any,Allow,All Ports,2,Medium,High Risk,Restrict remote IP access
@{Microsoft.Windows.SecureAssessmentBrowser_10.0.22621.2506_neutral_neutral_cw5n1h2txyewy?ms-resource://Microsoft.Windows.SecureAssessmentBrowser/Resources/PackageDisplayName},Out,Any,Any,Allow,All Ports,2,Medium,High Risk,Restrict remote IP access
@{Microsoft.Windows.ContentDeliveryManager_10.0.22621.2506_neutral_neutral_cw5n1h2txyewy?ms-resource://Microsoft.Windows.ContentDeliveryManager/resources/AppDisplayName},Out,Any,Any,Allow,All Ports,2,Medium,High Risk,Restrict remote IP access
@{Microsoft.Windows.CloudExperienceHost_10.0.22621.2506_neutral_neutral_cw5n1h2txyewy?ms-resource://Microsoft.Windows.CloudExperienceHost/resources/appDescription},In,Any,Any,Allow,All Ports,2,Medium,High Risk,Restrict remote IP access
@{Microsoft.Windows.CloudExperienceHost_10.0.22621.2506_neutral_neutral_cw5n1h2txyewy?ms-resource://Microsoft.Windows.CloudExperienceHost/resources/appDescription},Out,Any,Any,Allow,All Ports,2,Medium,High Risk,Restrict remote IP access
@{Microsoft.Windows.OOBENetworkCaptivePortal_10.0.21302.1000_neutral__cw5n1h2txyewy?ms-resource://Microsoft.Windows.OOBENetworkCaptivePortal/Resources/AppDisplayName},Out,Any,Any,Allow,All Ports,2,Medium,High Risk,Restrict remote IP access
@{Microsoft.Windows.OOBENetworkCaptivePortal_10.0.21302.1000_neutral__cw5n1h2txyewy?ms-resource://Microsoft.Windows.OOBENetworkCaptivePortal/Resources/AppDisplayName},Out,Any,Any,Allow,All Ports,2,Medium,High Risk,Restrict remote IP access
@{Microsoft.Windows.OOBENetworkCaptivePortal_10.0.21302.1000_neutral__cw5n1h2txyewy?ms-resource://Microsoft.Windows.OOBENetworkCaptivePortal/Resources/AppDisplayName},Out,Any,Any,Allow,All Ports,2,Medium,High Risk,Restrict remote IP access
@{Microsoft.Windows.OOBENetworkCaptivePortal_10.0.21302.1000_neutral__cw5n1h2txyewy?ms-resource://Microsoft.Windows.OOBENetworkCaptivePortal/Resources/AppDisplayName},Out,Any,Any,Allow,All Ports,2,Medium,High Risk,Restrict remote IP access
@{Microsoft.Windows.OOBENetworkCaptivePortal_10.0.21302.1000_neutral__cw5n1h2txyewy?ms-resource://Microsoft.Windows.OOBENetworkCaptivePortal/Resources/AppDisplayName},Out,Any,Any,Allow,All Ports,2,Medium,High Risk,Restrict remote IP access
@{Microsoft.Windows.OOBENetworkCaptivePortal_10.0.21302.1000_neutral__cw5n1h2txyewy?ms-resource://Microsoft.Windows.OOBENetworkCaptivePortal/Resources/AppDisplayName},Out,Any,Any,Allow,All Ports,2,Medium,High Risk,Restrict remote IP access
@{Microsoft.Windows.OOBENetworkCaptivePortal_10.0.21302.1000_neutral__cw5n1h2txyewy?ms-resource://Microsoft.Windows.OOBENetworkCaptivePortal/Resources/AppDisplayName},Out,Any,Any,Allow,All Ports,2,Medium,High Risk,Restrict remote IP access
@{Microsoft.Windows.OOBENetworkCaptivePortal_10.0.21302.1000_neutral__cw5n1h2txyewy?ms-resource://Microsoft.Windows.OOBENetworkCaptivePortal/Resources/AppDisplayName},Out,Any,Any,Allow,All Ports,2,Medium,High Risk,Restrict remote IP access
@{Microsoft.Windows.OOBENetworkCaptivePortal_10.0.21302.1000_neutral__cw5n1h2txyewy?ms-resource://Microsoft.Windows.OOBENetworkCaptivePortal/Resources/AppDisplayName},Out,Any,Any,Allow,All Ports,2,Medium,High Risk,Restrict remote IP access
@{Microsoft.Windows.OOBENetworkCaptivePortal_10.0.21302.1000_neutral__cw5n1h2txyewy?ms-resource://Microsoft.Windows.OOBENetworkCaptivePortal/Resources/AppDisplayName},Out,Any,Any,Allow,All Ports,2,Medium,High Risk,Restrict remote IP access
@{Microsoft.Windows.OOBENetworkCaptivePortal_10.0.21302.1000_neutral__cw5n1h2txyewy?ms-resource://Microsoft.Windows.OOBENetworkCaptivePortal/Resources/AppDisplayName},Out,Any,Any,Allow,All Ports,2,Medium,High Risk,Restrict remote IP access
@{Microsoft.Windows.OOBENetworkCaptivePortal_10.0.21302.1000_neutral__cw5n1h2txyewy?ms-resource://Microsoft.Windows.OOBENetworkCaptivePortal/Resources/AppDisplayName},Out,Any,Any,Allow,All Ports,2,Medium,High Risk,Restrict remote IP access
mysqld,In,Any,UDP,Allow,Any,3,Medium,High Risk,Restrict remote IP access
mysqld,In,Any,TCP,Allow,Any,3,Medium,High Risk,Restrict remote IP access
@{Microsoft.Windows.OOBENetworkCaptivePortal_10.0.21302.1000_neutral__cw5n1h2txyewy?ms-resource://Microsoft.Windows.OOBENetworkCaptivePortal/Resources/AppDisplayName},Out,Any,Any,Allow,All Ports,2,Medium,High Risk,Restrict remote IP access
@{Microsoft.Windows.OOBENetworkCaptivePortal_10.0.21302.1000_neutral__cw5n1h2txyewy?ms-resource://Microsoft.Windows.OOBENetworkCaptivePortal/Resources/AppDisplayName},Out,Any,Any,Allow,All Ports,2,Medium,High Risk,Restrict remote IP access
@{Microsoft.Windows.OOBENetworkCaptivePortal_10.0.21302.1000_neutral__cw5n1h2txyewy?ms-resource://Microsoft.Windows.OOBENetworkCaptivePortal/Resources/AppDisplayName},Out,Any,Any,Allow,All Ports,2,Medium,High Risk,Restrict remote IP access
@{Microsoft.Windows.OOBENetworkCaptivePortal_10.0.21302.1000_neutral__cw5n1h2txyewy?ms-resource://Microsoft.Windows.OOBENetworkCaptivePortal/Resources/AppDisplayName},Out,Any,Any,Allow,All Ports,2,Medium,High Risk,Restrict remote IP access
@{Microsoft.Windows.OOBENetworkCaptivePortal_10.0.21302.1000_neutral__cw5n1h2txyewy?ms-resource://Microsoft.Windows.OOBENetworkCaptivePortal/Resources/AppDisplayName},Out,Any,Any,Allow,All Ports,2,Medium,High Risk,Restrict remote IP access
@{Microsoft.Windows.OOBENetworkCaptivePortal_10.0.21302.1000_neutral__cw5n1h2txyewy?ms-resource://Microsoft.Windows.OOBENetworkCaptivePortal/Resources/AppDisplayName},Out,Any,Any,Allow,All Ports,2,Medium,High Risk,Restrict remote IP access
@{Microsoft.Windows.OOBENetworkCaptivePortal_10.0.21302.1000_neutral__cw5n1h2txyewy?ms-resource://Microsoft.Windows.OOBENetworkCaptivePortal/Resources/AppDisplayName},Out,Any,Any,Allow,All Ports,2,Medium,High Risk,Restrict remote IP access
Apache HTTP Server,In,Any,UDP,Allow,Any,3,Medium,High Risk,Restrict remote IP access
Apache HTTP Server,In,Any,TCP,Allow,Any,3,Medium,High Risk,Restrict remote IP access
@{Microsoft.Windows.OOBENetworkCaptivePortal_10.0.21302.1000_neutral__cw5n1h2txyewy?ms-resource://Microsoft.Windows.OOBENetworkCaptivePortal/Resources/AppDisplayName},Out,Any,Any,Allow,All Ports,2,Medium,High Risk,Restrict remote IP access
@{Microsoft.Windows.OOBENetworkCaptivePortal_10.0.21302.1000_neutral__cw5n1h2txyewy?ms-resource://Microsoft.Windows.OOBENetworkCaptivePortal/Resources/AppDisplayName},Out,Any,Any,Allow,All Ports,2,Medium,High Risk,Restrict remote IP access
@{Microsoft.Windows.OOBENetworkCaptivePortal_10.0.21302.1000_neutral__cw5n1h2txyewy?ms-resource://Microsoft.Windows.OOBENetworkCaptivePortal/Resources/AppDisplayName},Out,Any,Any,Allow,All Ports,2,Medium,High Risk,Restrict remote IP access
@{Microsoft.Windows.OOBENetworkCaptivePortal_10.0.21302.1000_neutral__cw5n1h2txyewy?ms-resource://Microsoft.Windows.OOBENetworkCaptivePortal/Resources/AppDisplayName},Out,Any,Any,Allow,All Ports,2,Medium,High Risk,Restrict remote IP access
@{Microsoft.Windows.OOBENetworkCaptivePortal_10.0.21302.1000_neutral__cw5n1h2txyewy?ms-resource://Microsoft.Windows.OOBENetworkCaptivePortal/Resources/AppDisplayName},Out,Any,Any,Allow,All Ports,2,Medium,High Risk,Restrict remote IP access
@{Microsoft.Windows.OOBENetworkCaptivePortal_10.0.21302.1000_neutral__cw5n1h2txyewy?ms-resource://Microsoft.Windows.OOBENetworkCaptivePortal/Resources/AppDisplayName},Out,Any,Any,Allow,All Ports,2,Medium,High Risk,Restrict remote IP access
@{Microsoft.Windows.OOBENetworkCaptivePortal_10.0.21302.1000_neutral__cw5n1h2txyewy?ms-resource://Microsoft.Windows.OOBENetworkCaptivePortal/Resources/AppDisplayName},Out,Any,Any,Allow,All Ports,2,Medium,High Risk,Restrict remote IP access
@{Microsoft.Windows.OOBENetworkCaptivePortal_10.0.21302.1000_neutral__cw5n1h2txyewy?ms-resource://Microsoft.Windows.OOBENetworkCaptivePortal/Resources/AppDisplayName},Out,Any,Any,Allow,All Ports,2,Medium,High Risk,Restrict remote IP access
@{Microsoft.Windows.OOBENetworkCaptivePortal_10.0.21302.1000_neutral__cw5n1h2txyewy?ms-resource://Microsoft.Windows.OOBENetworkCaptivePortal/Resources/AppDisplayName},Out,Any,Any,Allow,All Ports,2,Medium,High Risk,Restrict remote IP access
@{Microsoft.XboxApp_48.104.4001.0_x64__8wekyb3d8bbwe?ms-resource://Microsoft.XboxApp/XboxApp.Resource/Resources/App_Title},Out,Any,Any,Allow,All Ports,2,Medium,High Risk,Restrict remote IP access
@{Microsoft.BingNews_4.55.62231.0_x64__8wekyb3d8bbwe?ms-resource://Microsoft.BingNews/Resources/ApplicationTitleWithTagline},Out,Any,Any,Allow,All Ports,2,Medium,High Risk,Restrict remote IP access
@{Microsoft.Windows.OOBENetworkCaptivePortal_10.0.21302.1000_neutral__cw5n1h2txyewy?ms-resource://Microsoft.Windows.OOBENetworkCaptivePortal/Resources/AppDisplayName},Out,Any,Any,Allow,All Ports,2,Medium,High Risk,Restrict remote IP access
@{Microsoft.Windows.OOBENetworkCaptivePortal_10.0.21302.1000_neutral__cw5n1h2txyewy?ms-resource://Microsoft.Windows.OOBENetworkCaptivePortal/Resources/AppDisplayName},Out,Any,Any,Allow,All Ports,2,Medium,High Risk,Restrict remote IP access
@{Microsoft.Windows.OOBENetworkCaptivePortal_10.0.21302.1000_neutral__cw5n1h2txyewy?ms-resource://Microsoft.Windows.OOBENetworkCaptivePortal/Resources/AppDisplayName},Out,Any,Any,Allow,All Ports,2,Medium,High Risk,Restrict remote IP access
@{Microsoft.Windows.OOBENetworkCaptivePortal_10.0.21302.1000_neutral__cw5n1h2txyewy?ms-resource://Microsoft.Windows.OOBENetworkCaptivePortal/Resources/AppDisplayName},Out,Any,Any,Allow,All Ports,2,Medium,High Risk,Restrict remote IP access
@{Microsoft.Windows.OOBENetworkCaptivePortal_10.0.21302.1000_neutral__cw5n1h2txyewy?ms-resource://Microsoft.Windows.OOBENetworkCaptivePortal/Resources/AppDisplayName},Out,Any,Any,Allow,All Ports,2,Medium,High Risk,Restrict remote IP access
@{Microsoft.Windows.OOBENetworkCaptivePortal_10.0.21302.1000_neutral__cw5n1h2txyewy?ms-resource://Microsoft.Windows.OOBENetworkCaptivePortal/Resources/AppDisplayName},Out,Any,Any,Allow,All Ports,2,Medium,High Risk,Restrict remote IP access
@{Microsoft.Windows.OOBENetworkCaptivePortal_10.0.21302.1000_neutral__cw5n1h2txyewy?ms-resource://Microsoft.Windows.OOBENetworkCaptivePortal/Resources/AppDisplayName},Out,Any,Any,Allow,All Ports,2,Medium,High Risk,Restrict remote IP access
@{Microsoft.Windows.OOBENetworkCaptivePortal_10.0.21302.1000_neutral__cw5n1h2txyewy?ms-resource://Microsoft.Windows.OOBENetworkCaptivePortal/Resources/AppDisplayName},Out,Any,Any,Allow,All Ports,2,Medium,High Risk,Restrict remote IP access
IntelliJ IDEA Community Edition 2023.1.4,In,Any,UDP,Block,Any,0,Low,High Risk,Restrict remote IP access
IntelliJ IDEA Community Edition 2023.1.4,In,Any,TCP,Block,Any,0,Low,High Risk,Restrict remote IP access
@{Microsoft.AccountsControl_10.0.22621.1_neutral__cw5n1h2txyewy?ms-resource://Microsoft.AccountsControl/Resources/DisplayName},Out,Any,Any,Allow,All Ports,2,Medium,High Risk,Restrict remote IP access
@{Microsoft.XboxGameCallableUI_1000.22621.1.0_neutral_neutral_cw5n1h2txyewy?ms-resource://Microsoft.XboxGameCallableUI/resources/PkgDisplayName},Out,Any,Any,Allow,All Ports,2,Medium,High Risk,Restrict remote IP access
@{Microsoft.Windows.ParentalControls_1000.22621.1.0_neutral_neutral_cw5n1h2txyewy?ms-resource://Microsoft.Windows.ParentalControls/resources/DisplayName},Out,Any,Any,Allow,All Ports,2,Medium,High Risk,Restrict remote IP access
@{Microsoft.Windows.PeopleExperienceHost_10.0.22621.1_neutral_neutral_cw5n1h2txyewy?ms-resource://Microsoft.Windows.PeopleExperienceHost/resources/PkgDisplayName},Out,Any,Any,Allow,All Ports,2,Medium,High Risk,Restrict remote IP access
@{Microsoft.Windows.NarratorQuickStart_10.0.22621.1_neutral_neutral_8wekyb3d8bbwe?ms-resource://Microsoft.Windows.NarratorQuickStart/Resources/AppDisplayName},Out,Any,Any,Allow,All Ports,2,Medium,High Risk,Restrict remote IP access
@{Microsoft.Win32WebViewHost_10.0.22621.1_neutral_neutral_cw5n1h2txyewy?ms-resource://Windows.Win32WebViewHost/resources/DisplayName},In,Any,Any,Allow,All Ports,2,Medium,High Risk,Restrict remote IP access
@{Microsoft.Win32WebViewHost_10.0.22621.1_neutral_neutral_cw5n1h2txyewy?ms-resource://Windows.Win32WebViewHost/resources/DisplayName},Out,Any,Any,Allow,All Ports,2,Medium,High Risk,Restrict remote IP access
@{Microsoft.Windows.Apprep.ChxApp_1000.22621.1.0_neutral_neutral_cw5n1h2txyewy?ms-resource://Microsoft.Windows.Apprep.ChxApp/resources/DisplayName},Out,Any,Any,Allow,All Ports,2,Medium,High Risk,Restrict remote IP access
NcsiUwpApp,Out,Any,Any,Allow,All Ports,2,Medium,High Risk,Restrict remote IP access
@{Microsoft.Windows.OOBENetworkCaptivePortal_10.0.21302.1000_neutral__cw5n1h2txyewy?ms-resource://Microsoft.Windows.OOBENetworkCaptivePortal/Resources/AppDisplayName},Out,Any,Any,Allow,All Ports,2,Medium,High Risk,Restrict remote IP access
@{Microsoft.AAD.BrokerPlugin_1000.19580.1000.0_neutral_neutral_cw5n1h2txyewy?ms-resource://Microsoft.AAD.BrokerPlugin/resources/PackageDisplayName},In,Any,Any,Allow,All Ports,2,Medium,High Risk,Restrict remote IP access
@{Microsoft.AAD.BrokerPlugin_1000.19580.1000.0_neutral_neutral_cw5n1h2txyewy?ms-resource://Microsoft.AAD.BrokerPlugin/resources/PackageDisplayName},Out,Any,Any,Allow,All Ports,2,Medium,High Risk,Restrict remote IP access
@{Microsoft.Windows.OOBENetworkCaptivePortal_10.0.21302.1000_neutral__cw5n1h2txyewy?ms-resource://Microsoft.Windows.OOBENetworkCaptivePortal/Resources/AppDisplayName},Out,Any,Any,Allow,All Ports,2,Medium,High Risk,Restrict remote IP access
windows_ie_ac_001,Out,Any,Any,Allow,All Ports,2,Medium,High Risk,Restrict remote IP access
Print 3D,In,Any,Any,Allow,All Ports,2,Medium,High Risk,Restrict remote IP access
Print 3D,Out,Any,Any,Allow,All Ports,2,Medium,High Risk,Restrict remote IP access
@{Microsoft.MixedReality.Portal_2000.21051.1282.0_x64__8wekyb3d8bbwe?ms-resource://Microsoft.MixedReality.Portal/Resources/PkgDisplayName},Out,Any,Any,Allow,All Ports,2,Medium,High Risk,Restrict remote IP access
Xbox TCUI,Out,Any,Any,Allow,All Ports,2,Medium,High Risk,Restrict remote IP access
Xbox Game Bar Plugin,Out,Any,Any,Allow,All Ports,2,Medium,High Risk,Restrict remote IP access
@{Microsoft.Windows.ContentDeliveryManager_10.0.18362.387_neutral_neutral_cw5n1h2txyewy?ms-resource://Microsoft.Windows.ContentDeliveryManager/resources/AppDisplayName},Out,Any,Any,Allow,All Ports,2,Medium,High Risk,Restrict remote IP access
@{Microsoft.Windows.CloudExperienceHost_10.0.18362.387_neutral_neutral_cw5n1h2txyewy?ms-resource://Microsoft.Windows.CloudExperienceHost/resources/appDescription},In,Any,Any,Allow,All Ports,2,Medium,High Risk,Restrict remote IP access
@{Microsoft.Windows.CloudExperienceHost_10.0.18362.387_neutral_neutral_cw5n1h2txyewy?ms-resource://Microsoft.Windows.CloudExperienceHost/resources/appDescription},Out,Any,Any,Allow,All Ports,2,Medium,High Risk,Restrict remote IP access
@{Microsoft.AAD.BrokerPlugin_1000.18362.387.0_neutral_neutral_cw5n1h2txyewy?ms-resource://Microsoft.AAD.BrokerPlugin/resources/PackageDisplayName},In,Any,Any,Allow,All Ports,2,Medium,High Risk,Restrict remote IP access
@{Microsoft.AAD.BrokerPlugin_1000.18362.387.0_neutral_neutral_cw5n1h2txyewy?ms-resource://Microsoft.AAD.BrokerPlugin/resources/PackageDisplayName},Out,Any,Any,Allow,All Ports,2,Medium,High Risk,Restrict remote IP access
@{Microsoft.Windows.StartMenuExperienceHost_10.0.18362.387_neutral_neutral_cw5n1h2txyewy?ms-resource://Microsoft.Windows.StartMenuExperienceHost/StartMenuExperienceHost/PkgDisplayName},In,Any,Any,Allow,All Ports,2,Medium,High Risk,Restrict remote IP access
@{Microsoft.Windows.StartMenuExperienceHost_10.0.18362.387_neutral_neutral_cw5n1h2txyewy?ms-resource://Microsoft.Windows.StartMenuExperienceHost/StartMenuExperienceHost/PkgDisplayName},Out,Any,Any,Allow,All Ports,2,Medium,High Risk,Restrict remote IP access
@{Microsoft.Windows.ShellExperienceHost_10.0.18362.387_neutral_neutral_cw5n1h2txyewy?ms-resource://Microsoft.Windows.ShellExperienceHost/resources/PkgDisplayName},In,Any,Any,Allow,All Ports,2,Medium,High Risk,Restrict remote IP access
@{Microsoft.Windows.ShellExperienceHost_10.0.18362.387_neutral_neutral_cw5n1h2txyewy?ms-resource://Microsoft.Windows.ShellExperienceHost/resources/PkgDisplayName},Out,Any,Any,Allow,All Ports,2,Medium,High Risk,Restrict remote IP access
@{Microsoft.Windows.OOBENetworkCaptivePortal_10.0.19041.1023_neutral__cw5n1h2txyewy?ms-resource://Microsoft.Windows.OOBENetworkCaptivePortal/Resources/AppDisplayName},Out,Any,Any,Allow,All Ports,2,Medium,High Risk,Restrict remote IP access
@{Microsoft.Windows.SecHealthUI_10.0.19041.1865_neutral__cw5n1h2txyewy?ms-resource://Microsoft.Windows.SecHealthUI/resources/PackageDisplayName},Out,Any,Any,Allow,All Ports,2,Medium,High Risk,Restrict remote IP access
@{Microsoft.Windows.SecHealthUI_10.0.19041.1865_neutral__cw5n1h2txyewy?ms-resource://Microsoft.Windows.SecHealthUI/resources/PackageDisplayName},In,Any,Any,Allow,All Ports,2,Medium,High Risk,Restrict remote IP access
Advanced TCP/IP Port Installer,In,Any,TCP,Allow,Any,3,Medium,High Risk,Restrict remote IP access
Advanced TCP/IP Port Installer,In,Any,UDP,Allow,Any,3,Medium,High Risk,Restrict remote IP access
Advanced TCP/IP Printer Port,In,Any,TCP,Allow,9100,3,Medium,High Risk,Restrict remote IP access
Advanced TCP/IP SLP Port,In,Any,TCP,Allow,427,3,Medium,High Risk,Restrict remote IP access
Advanced TCP/IP SNMP Port,In,Any,TCP,Allow,161,3,Medium,High Risk,Restrict remote IP access
Zoom Video Meeting,In,Any,UDP,Allow,7200-17210,3,Medium,High Risk,Restrict remote IP access
Airhost service for Zoom Video Meetings,In,Any,TCP,Allow,"5000,7000,7100,50000,7200-17210,8888",3,Medium,High Risk,Restrict remote IP access
Airhost service for Zoom Video Meetings,In,Any,UDP,Allow,"5353,7200-17210,8889",3,Medium,High Risk,Restrict remote IP access
@{Microsoft.Windows.Search_1.14.10.19041_neutral_neutral_cw5n1h2txyewy?ms-resource://Microsoft.Windows.Search/resources/PackageDisplayName},Out,Any,Any,Allow,All Ports,2,Medium,High Risk,Restrict remote IP access
@{Microsoft.Windows.Search_1.14.10.19041_neutral_neutral_cw5n1h2txyewy?ms-resource://Microsoft.Windows.Search/resources/PackageDisplayName},In,Any,Any,Allow,All Ports,2,Medium,High Risk,Restrict remote IP access
Media Center Extenders - qWave (TCP-In),In,LocalSubnet,TCP,Allow,2177,1,Low,High Risk,Restrict remote IP access
Windows Media Player Network Sharing Service (TCP-Out),Out,Any,TCP,Allow,Any,3,Medium,High Risk,Restrict remote IP access
Windows Media Player Network Sharing Service (qWave-UDP-In),In,Any,UDP,Allow,2177,3,Medium,High Risk,Restrict remote IP access
BranchCache Peer Discovery (WSD-Out),Out,LocalSubnet,UDP,Allow,Any,1,Low,High Risk,Restrict remote IP access
Windows Media Player (TCP-Out),Out,Any,TCP,Allow,Any,3,Medium,High Risk,Restrict remote IP access
Windows Media Player (UDP-Out),Out,Any,UDP,Allow,Any,3,Medium,High Risk,Restrict remote IP access
BranchCache Content Retrieval (HTTP-In),In,Any,TCP,Allow,80,3,Medium,High Risk,Restrict remote IP access
Windows Media Player Network Sharing Service (HTTP-Streaming-In),In,Any,TCP,Allow,10243,3,Medium,High Risk,Restrict remote IP access
Windows Media Player Network Sharing Service (Streaming-UDP-Out),Out,LocalSubnet,UDP,Allow,Any,1,Low,High Risk,Restrict remote IP access
Cast to Device streaming server (RTSP-Streaming-In),In,Any,TCP,Allow,"23554,23555,23556",3,Medium,High Risk,Restrict remote IP access
Cast to Device streaming server (HTTP-Streaming-In),In,Any,TCP,Allow,10246,3,Medium,High Risk,Restrict remote IP access
Cast to Device streaming server (HTTP-Streaming-In),In,Any,TCP,Allow,10246,3,Medium,High Risk,Restrict remote IP access
Windows Media Player x86 (TCP-Out),Out,Any,TCP,Allow,Any,3,Medium,High Risk,Restrict remote IP access
Windows Media Player x86 (UDP-Out),Out,Any,UDP,Allow,Any,3,Medium,High Risk,Restrict remote IP access
Media Center Extenders - Media Streaming (TCP-Out),Out,LocalSubnet,TCP,Allow,Any,1,Low,High Risk,Restrict remote IP access
Media Center Extenders - SSDP (UDP-Out),Out,LocalSubnet,UDP,Allow,Any,1,Low,High Risk,Restrict remote IP access
BranchCache Content Retrieval (HTTP-Out),Out,Any,TCP,Allow,Any,3,Medium,High Risk,Restrict remote IP access
Remote Desktop - User Mode (UDP-In),In,Any,UDP,Allow,3389,6,Critical,High Risk,Restrict remote IP access
Remote Desktop - User Mode (TCP-In),In,Any,TCP,Allow,3389,6,Critical,High Risk,Restrict remote IP access
Media Center Extenders - Media Streaming (TCP-In),In,LocalSubnet,TCP,Allow,2869,1,Low,High Risk,Restrict remote IP access
Key Management Service (TCP-In),In,Any,TCP,Allow,1688,3,Medium,High Risk,Restrict remote IP access
Cast to Device streaming server (RTCP-Streaming-In),In,Any,UDP,Allow,Any,3,Medium,High Risk,Restrict remote IP access
Windows Media Player Network Sharing Service (UDP-Out),Out,Any,UDP,Allow,Any,3,Medium,High Risk,Restrict remote IP access
Cast to Device streaming server (RTSP-Streaming-In),In,LocalSubnet,TCP,Allow,"23554,23555,23556",1,Low,High Risk,Restrict remote IP access
Media Center Extenders - Media Streaming (UDP-Out),Out,LocalSubnet,UDP,Allow,1900,1,Low,High Risk,Restrict remote IP access
Media Center Extenders - WMDRM-ND/RTP/RTCP (UDP-Out),Out,LocalSubnet,UDP,Allow,Any,1,Low,High Risk,Restrict remote IP access
Media Center Extenders - RTSP (TCP-Out),Out,LocalSubnet,TCP,Allow,Any,1,Low,High Risk,Restrict remote IP access
Cast to Device UPnP Events (TCP-In),In,Any,TCP,Allow,2869,3,Medium,High Risk,Restrict remote IP access
Wireless Portable Devices (UPnPHost-Out),Out,LocalSubnet,TCP,Allow,Any,1,Low,High Risk,Restrict remote IP access
Wireless Portable Devices (SSDP-Out),Out,LocalSubnet,UDP,Allow,Any,1,Low,High Risk,Restrict remote IP access
Cast to Device streaming server (RTP-Streaming-Out),Out,Any,UDP,Allow,Any,3,Medium,High Risk,Restrict remote IP access
Wireless Portable Devices (SSDP-In),In,LocalSubnet,UDP,Allow,1900,1,Low,High Risk,Restrict remote IP access
Media Center Extenders - Device Validation (TCP-Out),Out,Any,TCP,Allow,Any,3,Medium,High Risk,Restrict remote IP access
Cast to Device SSDP Discovery (UDP-In),In,Any,UDP,Allow,Ply2Disc,3,Medium,High Risk,Restrict remote IP access
BranchCache Hosted Cache Client (HTTP-Out),Out,Any,TCP,Allow,Any,3,Medium,High Risk,Restrict remote IP access
Windows Media Player Network Sharing Service (TCP-Out),Out,LocalSubnet,TCP,Allow,Any,1,Low,High Risk,Restrict remote IP access
Media Center Extenders - Service (TCP-Out),Out,LocalSubnet,TCP,Allow,Any,1,Low,High Risk,Restrict remote IP access
Media Center Extenders - UPnP (TCP-Out),Out,LocalSubnet,TCP,Allow,Any,1,Low,High Risk,Restrict remote IP access
Windows Media Player Network Sharing Service (qWave-TCP-Out),Out,Any,TCP,Allow,Any,3,Medium,High Risk,Restrict remote IP access
Windows Media Player Network Sharing Service (qWave-UDP-Out),Out,Any,UDP,Allow,Any,3,Medium,High Risk,Restrict remote IP access
Remote Desktop - Shadow (TCP-In),In,Any,TCP,Allow,Any,3,Medium,High Risk,Restrict remote IP access
Media Center Extenders - SSDP (UDP-In),In,LocalSubnet,UDP,Allow,1900,1,Low,High Risk,Restrict remote IP access
Cast to Device functionality (qWave-TCP-In),In,Any,TCP,Allow,2177,3,Medium,High Risk,Restrict remote IP access
Cast to Device streaming server (HTTP-Streaming-In),In,LocalSubnet,TCP,Allow,10246,1,Low,High Risk,Restrict remote IP access
Windows Media Player Network Sharing Service (qWave-UDP-Out),Out,LocalSubnet,UDP,Allow,Any,1,Low,High Risk,Restrict remote IP access
Windows Media Player Network Sharing Service (HTTP-Streaming-In),In,LocalSubnet,TCP,Allow,10243,1,Low,High Risk,Restrict remote IP access
Windows Media Player Network Sharing Service (UDP-Out),Out,LocalSubnet,UDP,Allow,Any,1,Low,High Risk,Restrict remote IP access
Wireless Portable Devices (UPnP-Out),Out,LocalSubnet,TCP,Allow,Any,1,Low,High Risk,Restrict remote IP access
Windows Media Player Network Sharing Service (HTTP-Streaming-Out),Out,LocalSubnet,TCP,Allow,Any,1,Low,High Risk,Restrict remote IP access
Wireless Portable Devices (UPnP-In),In,LocalSubnet,TCP,Allow,2869,1,Low,High Risk,Restrict remote IP access
Windows Media Player Network Sharing Service (SSDP-In),In,LocalSubnet,UDP,Allow,1900,1,Low,High Risk,Restrict remote IP access
File and Printer Sharing over SMBDirect (iWARP-In),In,Any,TCP,Allow,5445,3,Medium,High Risk,Restrict remote IP access
Windows Media Player Network Sharing Service (UPnP-Out),Out,LocalSubnet,TCP,Allow,Any,1,Low,High Risk,Restrict remote IP access
Windows Media Player Network Sharing Service (Streaming-TCP-Out),Out,Any,TCP,Allow,Any,3,Medium,High Risk,Restrict remote IP access
Windows Media Player Network Sharing Service (qWave-TCP-Out),Out,LocalSubnet,TCP,Allow,Any,1,Low,High Risk,Restrict remote IP access
Key Management Service (TCP-In),In,LocalSubnet,TCP,Allow,1688,1,Low,High Risk,Restrict remote IP access
Windows Media Player Network Sharing Service (SSDP-Out),Out,LocalSubnet,UDP,Allow,Any,1,Low,High Risk,Restrict remote IP access
Media Center Extenders - XSP (TCP-In),In,LocalSubnet,TCP,Allow,3390,1,Low,High Risk,Restrict remote IP access
Remote Desktop - (TCP-WSS-In),In,Any,TCP,Allow,3392,3,Medium,High Risk,Restrict remote IP access
Cast to Device functionality (qWave-UDP-Out),Out,Any,UDP,Allow,Any,3,Medium,High Risk,Restrict remote IP access
Media Center Extenders - qWave (TCP-Out),Out,LocalSubnet,TCP,Allow,Any,1,Low,High Risk,Restrict remote IP access
Media Center Extenders - qWave (UDP-Out),Out,LocalSubnet,UDP,Allow,Any,1,Low,High Risk,Restrict remote IP access
Media Center Extenders - RTSP (TCP-In),In,LocalSubnet,TCP,Allow,"554,8554,8555,8556,8557,8558",1,Low,High Risk,Restrict remote IP access
Windows Media Player Network Sharing Service (Streaming-UDP-In),In,LocalSubnet,UDP,Allow,Any,1,Low,High Risk,Restrict remote IP access
Cloud Identity (TCP-Out),Out,Any,TCP,Allow,Any,3,Medium,High Risk,Restrict remote IP access
Windows Media Player Network Sharing Service (HTTP-Streaming-Out),Out,Any,TCP,Allow,Any,3,Medium,High Risk,Restrict remote IP access
Cast to Device functionality (qWave-UDP-In),In,Any,UDP,Allow,2177,3,Medium,High Risk,Restrict remote IP access
Windows Media Player Network Sharing Service (Streaming-UDP-In),In,Any,UDP,Allow,Any,3,Medium,High Risk,Restrict remote IP access
Wireless Portable Devices (TCP-Out),Out,Any,TCP,Allow,Any,3,Medium,High Risk,Restrict remote IP access
Windows Media Player Network Sharing Service (TCP-In),In,LocalSubnet,TCP,Allow,Any,1,Low,High Risk,Restrict remote IP access
Windows Media Player Network Sharing Service (UDP-In),In,LocalSubnet,UDP,Allow,Any,1,Low,High Risk,Restrict remote IP access
Windows Media Player x86 (UDP-In),In,Any,UDP,Allow,Any,3,Medium,High Risk,Restrict remote IP access
Media Center Extenders - WMDRM-ND/RTP/RTCP (UDP-In),In,LocalSubnet,UDP,Allow,"7777,7778,7779,7780,7781,5004,5005,50004,50005,50006,50007,50008,50009,50010,50011,50012,50013",1,Low,High Risk,Restrict remote IP access
Cast to Device streaming server (RTSP-Streaming-In),In,Any,TCP,Allow,"23554,23555,23556",3,Medium,High Risk,Restrict remote IP access
Windows Media Player Network Sharing Service (qWave-TCP-In),In,Any,TCP,Allow,2177,3,Medium,High Risk,Restrict remote IP access
Windows Media Player Network Sharing Service (TCP-In),In,Any,TCP,Allow,Any,3,Medium,High Risk,Restrict remote IP access
Windows Media Player Network Sharing Service (UDP-In),In,Any,UDP,Allow,Any,3,Medium,High Risk,Restrict remote IP access
Windows Media Player Network Sharing Service (UPnPHost-Out),Out,LocalSubnet,TCP,Allow,Any,1,Low,High Risk,Restrict remote IP access
BranchCache Hosted Cache Server (HTTP-In),In,Any,TCP,Allow,"80,443",3,Medium,High Risk,Restrict remote IP access
Windows Media Player Network Sharing Service (Streaming-UDP-Out),Out,Any,UDP,Allow,Any,3,Medium,High Risk,Restrict remote IP access
Windows Media Player Network Sharing Service (UPnP-In),In,LocalSubnet,TCP,Allow,2869,1,Low,High Risk,Restrict remote IP access
Cast to Device streaming server (RTCP-Streaming-In),In,Any,UDP,Allow,Any,3,Medium,High Risk,Restrict remote IP access
Windows Media Player Network Sharing Service (qWave-UDP-In),In,LocalSubnet,UDP,Allow,2177,1,Low,High Risk,Restrict remote IP access
Windows Media Player Network Sharing Service (qWave-TCP-In),In,LocalSubnet,TCP,Allow,2177,1,Low,High Risk,Restrict remote IP access
Media Center Extenders - Device Provisioning (TCP-Out),Out,Any,TCP,Allow,Any,3,Medium,High Risk,Restrict remote IP access
Cast to Device streaming server (RTP-Streaming-Out),Out,LocalSubnet,UDP,Allow,Any,1,Low,High Risk,Restrict remote IP access
Cast to Device streaming server (RTP-Streaming-Out),Out,Any,UDP,Allow,Any,3,Medium,High Risk,Restrict remote IP access
Media Center Extenders - qWave (UDP-In),In,LocalSubnet,UDP,Allow,2177,1,Low,High Risk,Restrict remote IP access
Wireless Portable Devices (TCP-Out),Out,LocalSubnet,TCP,Allow,Any,1,Low,High Risk,Restrict remote IP access
Media Center Extenders - HTTP Streaming (TCP-In),In,LocalSubnet,TCP,Allow,10244,1,Low,High Risk,Restrict remote IP access
Cast to Device streaming server (RTCP-Streaming-In),In,LocalSubnet,UDP,Allow,Any,1,Low,High Risk,Restrict remote IP access
BranchCache Peer Discovery (WSD-In),In,LocalSubnet,UDP,Allow,3702,1,Low,High Risk,Restrict remote IP access
Remote Desktop - (TCP-WS-In),In,Any,TCP,Allow,3387,3,Medium,High Risk,Restrict remote IP access
Cast to Device functionality (qWave-TCP-Out),Out,Any,TCP,Allow,Any,3,Medium,High Risk,Restrict remote IP access
BranchCache Hosted Cache Server(HTTP-Out),Out,Any,TCP,Allow,"80,443",3,Medium,High Risk,Restrict remote IP access
Windows Media Player (UDP-In),In,Any,UDP,Allow,Any,3,Medium,High Risk,Restrict remote IP access
Windows Media Player Network Sharing Service (Streaming-TCP-Out),Out,LocalSubnet,TCP,Allow,Any,1,Low,High Risk,Restrict remote IP access
Network Discovery (NB-Name-Out),Out,Any,UDP,Allow,Any,3,Medium,High Risk,Restrict remote IP access
mDNS (UDP-In),In,LocalSubnet,UDP,Allow,5353,1,Low,High Risk,Restrict remote IP access
Core Networking Diagnostics - ICMP Echo Request (ICMPv6-In),In,Any,ICMPv6,Allow,All Ports,2,Medium,High Risk,Restrict remote IP access
Core Networking - Group Policy (TCP-Out),Out,Any,TCP,Allow,Any,3,Medium,High Risk,Restrict remote IP access
Distributed Transaction Coordinator (TCP-In),In,Any,TCP,Allow,Any,3,Medium,High Risk,Restrict remote IP access
Network Discovery (NB-Name-Out),Out,LocalSubnet,UDP,Allow,Any,1,Low,High Risk,Restrict remote IP access
Routing and Remote Access (GRE-Out),Out,Any,47,Allow,All Ports,2,Medium,High Risk,Restrict remote IP access
Network Discovery (UPnPHost-Out),Out,LocalSubnet,TCP,Allow,Any,1,Low,High Risk,Restrict remote IP access
Windows Remote Management - Compatibility Mode (HTTP-In),In,Any,TCP,Allow,80,3,Medium,High Risk,Restrict remote IP access
Core Networking Diagnostics - ICMP Echo Request (ICMPv4-In),In,LocalSubnet,ICMPv4,Allow,All Ports,0,Low,High Risk,Restrict remote IP access
Remote Assistance (TCP-In),In,Any,TCP,Allow,Any,3,Medium,High Risk,Restrict remote IP access
Windows Peer to Peer Collaboration Foundation (TCP-In),In,Any,TCP,Allow,Any,3,Medium,High Risk,Restrict remote IP access
mDNS (UDP-In),In,Any,UDP,Allow,5353,3,Medium,High Risk,Restrict remote IP access
Core Networking - Time Exceeded (ICMPv6-In),In,Any,ICMPv6,Allow,All Ports,2,Medium,High Risk,Restrict remote IP access
Netlogon Service Authz (RPC),In,Any,TCP,Allow,RPC,3,Medium,High Risk,Restrict remote IP access
File and Printer Sharing (LLMNR-UDP-Out),Out,LocalSubnet,UDP,Allow,Any,1,Low,High Risk,Restrict remote IP access
Windows Management Instrumentation (WMI-Out),Out,Any,TCP,Allow,Any,3,Medium,High Risk,Restrict remote IP access
Remote Volume Management - Virtual Disk Service (RPC),In,Any,TCP,Allow,RPC,3,Medium,High Risk,Restrict remote IP access
Core Networking - Dynamic Host Configuration Protocol for IPv6(DHCPV6-Out),Out,Any,UDP,Allow,546,3,Medium,High Risk,Restrict remote IP access
Distributed Transaction Coordinator (TCP-In),In,LocalSubnet,TCP,Allow,Any,1,Low,High Risk,Restrict remote IP access
DIAL protocol server (HTTP-In),In,LocalSubnet,TCP,Allow,10247,1,Low,High Risk,Restrict remote IP access
Secure Socket Tunneling Protocol (SSTP-In),In,Any,TCP,Allow,443,3,Medium,High Risk,Restrict remote IP access
Core Networking Diagnostics - ICMP Echo Request (ICMPv4-In),In,Any,ICMPv4,Allow,All Ports,2,Medium,High Risk,Restrict remote IP access
Core Networking - Multicast Listener Report (ICMPv6-In),In,LocalSubnet,ICMPv6,Allow,All Ports,0,Low,High Risk,Restrict remote IP access
Windows Device Management Sync Client (TCP out),Out,Any,TCP,Allow,49152-65535,3,Medium,High Risk,Restrict remote IP access
File and Printer Sharing (LLMNR-UDP-In),In,LocalSubnet,UDP,Allow,5355,1,Low,High Risk,Restrict remote IP access
Network Discovery (WSD-In),In,LocalSubnet,UDP,Allow,3702,1,Low,High Risk,Restrict remote IP access
Network Discovery (WSD-Out),Out,LocalSubnet,UDP,Allow,Any,1,Low,High Risk,Restrict remote IP access
Windows Peer to Peer Collaboration Foundation (SSDP-In),In,LocalSubnet,UDP,Allow,1900,1,Low,High Risk,Restrict remote IP access
Core Networking - Multicast Listener Query (ICMPv6-In),In,LocalSubnet,ICMPv6,Allow,All Ports,0,Low,High Risk,Restrict remote IP access
Remote Event Log Management (RPC),In,Any,TCP,Allow,RPC,3,Medium,High Risk,Restrict remote IP access
File and Printer Sharing (Echo Request - ICMPv4-In),In,Any,ICMPv4,Allow,All Ports,2,Medium,High Risk,Restrict remote IP access
File and Printer Sharing (NB-Datagram-In),In,LocalSubnet,UDP,Allow,138,1,Low,High Risk,Restrict remote IP access
Remote Volume Management - Virtual Disk Service Loader (RPC),In,Any,TCP,Allow,RPC,3,Medium,High Risk,Restrict remote IP access
Core Networking - Multicast Listener Report v2 (ICMPv6-In),In,LocalSubnet,ICMPv6,Allow,All Ports,0,Low,High Risk,Restrict remote IP access
Windows Management Instrumentation (WMI-In),In,Any,TCP,Allow,Any,3,Medium,High Risk,Restrict remote IP access
File and Printer Sharing (NB-Name-Out),Out,LocalSubnet,UDP,Allow,Any,1,Low,High Risk,Restrict remote IP access
Network Discovery (Pub-WSD-In),In,LocalSubnet,UDP,Allow,3702,1,Low,High Risk,Restrict remote IP access
iSCSI Service (TCP-Out),Out,Any,TCP,Allow,Any,3,Medium,High Risk,Restrict remote IP access
Core Networking - Group Policy (NP-Out),Out,Any,TCP,Allow,Any,3,Medium,High Risk,Restrict remote IP access
Core Networking - Internet Group Management Protocol (IGMP-In),In,Any,2,Allow,All Ports,2,Medium,High Risk,Restrict remote IP access
Proximity sharing over TCP (TCP sharing-In),In,Any,TCP,Allow,Any,3,Medium,High Risk,Restrict remote IP access
Distributed Transaction Coordinator (RPC),In,Any,TCP,Allow,RPC,3,Medium,High Risk,Restrict remote IP access
Remote Assistance (SSDP TCP-In),In,LocalSubnet,TCP,Allow,2869,1,Low,High Risk,Restrict remote IP access
Windows Management Instrumentation (DCOM-In),In,Any,TCP,Allow,135,3,Medium,High Risk,Restrict remote IP access
Network Discovery (WSD EventsSecure-Out),Out,LocalSubnet,TCP,Allow,Any,1,Low,High Risk,Restrict remote IP access
Core Networking Diagnostics - ICMP Echo Request (ICMPv6-Out),Out,Any,ICMPv6,Allow,All Ports,2,Medium,High Risk,Restrict remote IP access
Remote Event Log Management (RPC-EPMAP),In,LocalSubnet,TCP,Allow,RPC-EPMap,1,Low,High Risk,Restrict remote IP access
Network Discovery (UPnP-In),In,Any,TCP,Allow,2869,3,Medium,High Risk,Restrict remote IP access
Core Networking - IPv6 (IPv6-Out),Out,Any,41,Allow,All Ports,2,Medium,High Risk,Restrict remote IP access
Performance Logs and Alerts (DCOM-In),In,LocalSubnet,TCP,Allow,135,1,Low,High Risk,Restrict remote IP access
Windows Collaboration Computer Name Registration Service (SSDP-In),In,LocalSubnet,UDP,Allow,1900,1,Low,High Risk,Restrict remote IP access
File and Printer Sharing (Echo Request - ICMPv6-In),In,Any,ICMPv6,Allow,All Ports,2,Medium,High Risk,Restrict remote IP access
Wireless Display (TCP-In),In,Any,TCP,Allow,Any,3,Medium,High Risk,Restrict remote IP access
Network Discovery (WSD Events-In),In,LocalSubnet,TCP,Allow,5357,1,Low,High Risk,Restrict remote IP access
Network Discovery (WSD-Out),Out,LocalSubnet,UDP,Allow,Any,1,Low,High Risk,Restrict remote IP access
Windows Peer to Peer Collaboration Foundation (PNRP-Out),Out,Any,UDP,Allow,Any,3,Medium,High Risk,Restrict remote IP access
Core Networking - Neighbor Discovery Solicitation (ICMPv6-Out),Out,Any,ICMPv6,Allow,All Ports,2,Medium,High Risk,Restrict remote IP access
Wi-Fi Direct Network Discovery (In),In,Any,Any,Allow,All Ports,2,Medium,High Risk,Restrict remote IP access
Windows Remote Management (HTTP-In),In,Any,TCP,Allow,5985,3,Medium,High Risk,Restrict remote IP access
Performance Logs and Alerts (TCP-In),In,Any,TCP,Allow,Any,3,Medium,High Risk,Restrict remote IP access
Routing and Remote Access (PPTP-Out),Out,Any,TCP,Allow,Any,3,Medium,High Risk,Restrict remote IP access
Network Discovery (NB-Datagram-Out),Out,Any,UDP,Allow,Any,3,Medium,High Risk,Restrict remote IP access
Performance Logs and Alerts (DCOM-In),In,Any,TCP,Allow,135,3,Medium,High Risk,Restrict remote IP access
Network Discovery (SSDP-Out),Out,LocalSubnet,UDP,Allow,Any,1,Low,High Risk,Restrict remote IP access
mDNS (UDP-Out),Out,LocalSubnet,UDP,Allow,Any,1,Low,High Risk,Restrict remote IP access
Core Networking Diagnostics - ICMP Echo Request (ICMPv4-Out),Out,LocalSubnet,ICMPv4,Allow,All Ports,0,Low,High Risk,Restrict remote IP access
File and Printer Sharing (Echo Request - ICMPv6-In),In,LocalSubnet,ICMPv6,Allow,All Ports,0,Low,High Risk,Restrict remote IP access
File and Printer Sharing (NB-Session-Out),Out,Any,TCP,Allow,Any,3,Medium,High Risk,Restrict remote IP access
Network Discovery (NB-Datagram-In),In,LocalSubnet,UDP,Allow,138,1,Low,High Risk,Restrict remote IP access
Remote Scheduled Tasks Management (RPC),In,LocalSubnet,TCP,Allow,RPC,1,Low,High Risk,Restrict remote IP access
Connected Devices Platform - Wi-Fi Direct Transport (TCP-In),In,Any,TCP,Allow,Any,3,Medium,High Risk,Restrict remote IP access
Network Discovery (WSD EventsSecure-In),In,LocalSubnet,TCP,Allow,5358,1,Low,High Risk,Restrict remote IP access
Core Networking - Destination Unreachable (ICMPv6-In),In,Any,ICMPv6,Allow,All Ports,2,Medium,High Risk,Restrict remote IP access
Wi-Fi Direct Scan Service Use (Out),Out,Any,Any,Allow,All Ports,2,Medium,High Risk,Restrict remote IP access
Connected User Experiences and Telemetry,Out,Any,TCP,Allow,Any,3,Medium,High Risk,Restrict remote IP access
Core Networking - Multicast Listener Done (ICMPv6-In),In,LocalSubnet,ICMPv6,Allow,All Ports,0,Low,High Risk,Restrict remote IP access
AllJoyn Router (UDP-In),In,Any,UDP,Allow,Any,3,Medium,High Risk,Restrict remote IP access
AllJoyn Router (TCP-In),In,Any,TCP,Allow,9955,3,Medium,High Risk,Restrict remote IP access
Remote Assistance (PNRP-Out),Out,Any,UDP,Allow,Any,3,Medium,High Risk,Restrict remote IP access
File and Printer Sharing (NB-Datagram-Out),Out,LocalSubnet,UDP,Allow,Any,1,Low,High Risk,Restrict remote IP access
Network Discovery (WSD Events-Out),Out,LocalSubnet,TCP,Allow,Any,1,Low,High Risk,Restrict remote IP access
Windows Defender Firewall Remote Management (RPC),In,LocalSubnet,TCP,Allow,RPC,1,Low,High Risk,Restrict remote IP access
Core Networking - IPHTTPS (TCP-In),In,Any,TCP,Allow,IPHTTPS,3,Medium,High Risk,Restrict remote IP access
Core Networking - Dynamic Host Configuration Protocol (DHCP-Out),Out,Any,UDP,Allow,68,3,Medium,High Risk,Restrict remote IP access
Core Networking - Packet Too Big (ICMPv6-In),In,Any,ICMPv6,Allow,All Ports,2,Medium,High Risk,Restrict remote IP access
Routing and Remote Access (L2TP-In),In,Any,UDP,Allow,1701,3,Medium,High Risk,Restrict remote IP access
Proximity sharing over TCP (TCP sharing-Out),Out,Any,TCP,Allow,Any,3,Medium,High Risk,Restrict remote IP access
Network Discovery (LLMNR-UDP-In),In,LocalSubnet,UDP,Allow,5355,1,Low,High Risk,Restrict remote IP access
TPM Virtual Smart Card Management (TCP-Out),Out,Any,TCP,Allow,Any,3,Medium,High Risk,Restrict remote IP access
Core Networking - Multicast Listener Report (ICMPv6-Out),Out,LocalSubnet,ICMPv6,Allow,All Ports,0,Low,High Risk,Restrict remote IP access
Virtual Machine Monitoring (Echo Request - ICMPv6-In),In,Any,ICMPv6,Allow,All Ports,2,Medium,High Risk,Restrict remote IP access
Wi-Fi Direct Network Discovery (Out),Out,Any,Any,Allow,All Ports,2,Medium,High Risk,Restrict remote IP access
AllJoyn Router (TCP-Out),Out,Any,TCP,Allow,Any,3,Medium,High Risk,Restrict remote IP access
Remote Assistance (TCP-In),In,Any,TCP,Allow,Any,3,Medium,High Risk,Restrict remote IP access
mDNS (UDP-In),In,LocalSubnet,UDP,Allow,5353,1,Low,High Risk,Restrict remote IP access
Remote Scheduled Tasks Management (RPC-EPMAP),In,LocalSubnet,TCP,Allow,RPC-EPMap,1,Low,High Risk,Restrict remote IP access
Connected Devices Platform (TCP-In),In,Any,TCP,Allow,Any,3,Medium,High Risk,Restrict remote IP access
Connected Devices Platform (UDP-In),In,Any,UDP,Allow,Any,3,Medium,High Risk,Restrict remote IP access
Network Discovery (SSDP-In),In,LocalSubnet,UDP,Allow,1900,1,Low,High Risk,Restrict remote IP access
Virtual Machine Monitoring (Echo Request - ICMPv4-In),In,Any,ICMPv4,Allow,All Ports,2,Medium,High Risk,Restrict remote IP access
Netlogon Service (NP-In),In,Any,TCP,Allow,445,6,Critical,High Risk,Restrict remote IP access
Network Discovery (Pub WSD-Out),Out,LocalSubnet,UDP,Allow,Any,1,Low,High Risk,Restrict remote IP access
Network Discovery for Teredo (UPnP-In),In,Any,TCP,Allow,Any,3,Medium,High Risk,Restrict remote IP access
Network Discovery (LLMNR-UDP-Out),Out,LocalSubnet,UDP,Allow,Any,1,Low,High Risk,Restrict remote IP access
Network Discovery (WSD EventsSecure-Out),Out,Any,TCP,Allow,Any,3,Medium,High Risk,Restrict remote IP access
Core Networking - Time Exceeded (ICMPv6-Out),Out,Any,ICMPv6,Allow,All Ports,2,Medium,High Risk,Restrict remote IP access
Remote Assistance (SSDP UDP-In),In,LocalSubnet,UDP,Allow,1900,1,Low,High Risk,Restrict remote IP access
TPM Virtual Smart Card Management (TCP-Out),Out,LocalSubnet,TCP,Allow,Any,1,Low,High Risk,Restrict remote IP access
TPM Virtual Smart Card Management (TCP-In),In,LocalSubnet,TCP,Allow,Any,1,Low,High Risk,Restrict remote IP access
TPM Virtual Smart Card Management (DCOM-In),In,LocalSubnet,TCP,Allow,135,1,Low,High Risk,Restrict remote IP access
Remote Volume Management - Virtual Disk Service Loader (RPC),In,LocalSubnet,TCP,Allow,RPC,1,Low,High Risk,Restrict remote IP access
Remote Volume Management (RPC-EPMAP),In,Any,TCP,Allow,RPC-EPMap,3,Medium,High Risk,Restrict remote IP access
Core Networking Diagnostics - ICMP Echo Request (ICMPv6-In),In,LocalSubnet,ICMPv6,Allow,All Ports,0,Low,High Risk,Restrict remote IP access
File and Printer Sharing (Echo Request - ICMPv6-Out),Out,Any,ICMPv6,Allow,All Ports,2,Medium,High Risk,Restrict remote IP access
Network Discovery (NB-Name-In),In,Any,UDP,Allow,137,3,Medium,High Risk,Restrict remote IP access
File and Printer Sharing (SMB-In),In,Any,TCP,Allow,445,6,Critical,High Risk,Restrict remote IP access
Windows Peer to Peer Collaboration Foundation (SSDP-Out),Out,LocalSubnet,UDP,Allow,Any,1,Low,High Risk,Restrict remote IP access
Core Networking - Multicast Listener Query (ICMPv6-Out),Out,LocalSubnet,ICMPv6,Allow,All Ports,0,Low,High Risk,Restrict remote IP access
Windows Device Management Device Enroller (TCP out),Out,Any,TCP,Allow,49152-65535,3,Medium,High Risk,Restrict remote IP access
Windows Defender Firewall Remote Management (RPC-EPMAP),In,Any,TCP,Allow,RPC-EPMap,3,Medium,High Risk,Restrict remote IP access
Remote Service Management (NP-In),In,LocalSubnet,TCP,Allow,445,4,High,High Risk,Restrict remote IP access
AllJoyn Router (UDP-Out),Out,Any,UDP,Allow,Any,3,Medium,High Risk,Restrict remote IP access
Network Discovery (UPnP-In),In,LocalSubnet,TCP,Allow,2869,1,Low,High Risk,Restrict remote IP access
Core Networking - Neighbor Discovery Advertisement (ICMPv6-Out),Out,Any,ICMPv6,Allow,All Ports,2,Medium,High Risk,Restrict remote IP access
Distributed Transaction Coordinator (RPC-EPMAP),In,LocalSubnet,TCP,Allow,RPC-EPMap,1,Low,High Risk,Restrict remote IP access
Windows Collaboration Computer Name Registration Service (PNRP-Out),Out,Any,UDP,Allow,Any,3,Medium,High Risk,Restrict remote IP access
File and Printer Sharing (SMB-In),In,LocalSubnet,TCP,Allow,445,4,High,High Risk,Restrict remote IP access
Microsoft Media Foundation Network Source OUT [TCP ALL],Out,LocalSubnet,TCP,Allow,Any,1,Low,High Risk,Restrict remote IP access
Remote Service Management (RPC),In,Any,TCP,Allow,RPC,3,Medium,High Risk,Restrict remote IP access
Network Discovery (NB-Datagram-In),In,LocalSubnet,UDP,Allow,138,1,Low,High Risk,Restrict remote IP access
Network Discovery (NB-Datagram-Out),Out,LocalSubnet,UDP,Allow,Any,1,Low,High Risk,Restrict remote IP access
Core Networking - Teredo (UDP-In),In,Any,UDP,Allow,Teredo,3,Medium,High Risk,Restrict remote IP access
Remote Service Management (NP-In),In,Any,TCP,Allow,445,6,Critical,High Risk,Restrict remote IP access
File and Printer Sharing (Echo Request - ICMPv4-In),In,LocalSubnet,ICMPv4,Allow,All Ports,0,Low,High Risk,Restrict remote IP access
Network Discovery (NB-Name-In),In,LocalSubnet,UDP,Allow,137,1,Low,High Risk,Restrict remote IP access
iSCSI Service (TCP-In),In,Any,TCP,Allow,Any,3,Medium,High Risk,Restrict remote IP access
Core Networking - DNS (UDP-Out),Out,Any,UDP,Allow,Any,3,Medium,High Risk,Restrict remote IP access
Core Networking - Parameter Problem (ICMPv6-In),In,Any,ICMPv6,Allow,All Ports,2,Medium,High Risk,Restrict remote IP access
File and Printer Sharing (NB-Session-In),In,LocalSubnet,TCP,Allow,139,1,Low,High Risk,Restrict remote IP access
Network Discovery (WSD-In),In,LocalSubnet,UDP,Allow,3702,1,Low,High Risk,Restrict remote IP access
Windows Peer to Peer Collaboration Foundation (WSD-Out),Out,LocalSubnet,UDP,Allow,Any,1,Low,High Risk,Restrict remote IP access
File and Printer Sharing (NB-Name-In),In,Any,UDP,Allow,137,3,Medium,High Risk,Restrict remote IP access
Network Discovery (SSDP-In),In,LocalSubnet,UDP,Allow,1900,1,Low,High Risk,Restrict remote IP access
Windows Remote Management - Compatibility Mode (HTTP-In),In,LocalSubnet,TCP,Allow,80,1,Low,High Risk,Restrict remote IP access
Core Networking - Internet Group Management Protocol (IGMP-Out),Out,Any,2,Allow,All Ports,2,Medium,High Risk,Restrict remote IP access
Remote Service Management (RPC-EPMAP),In,LocalSubnet,TCP,Allow,RPC-EPMap,1,Low,High Risk,Restrict remote IP access
Remote Service Management (RPC),In,LocalSubnet,TCP,Allow,RPC,1,Low,High Risk,Restrict remote IP access
Network Discovery (WSD EventsSecure-In),In,Any,TCP,Allow,5358,3,Medium,High Risk,Restrict remote IP access
Microsoft Media Foundation Network Source IN [TCP 554],In,LocalSubnet,TCP,Allow,"554,8554-8558",1,Low,High Risk,Restrict remote IP access
Core Networking - IPHTTPS (TCP-Out),Out,Any,TCP,Allow,Any,3,Medium,High Risk,Restrict remote IP access
Core Networking - Neighbor Discovery Advertisement (ICMPv6-In),In,Any,ICMPv6,Allow,All Ports,2,Medium,High Risk,Restrict remote IP access
Windows Peer to Peer Collaboration Foundation (TCP-Out),Out,Any,TCP,Allow,Any,3,Medium,High Risk,Restrict remote IP access
Core Networking - Router Advertisement (ICMPv6-Out),Out,"LocalSubnet,fe80::/64,ff02::1-ff02::1",ICMPv6,Allow,All Ports,0,Low,High Risk,Restrict remote IP access
Remote Assistance (RA Server TCP-Out),Out,Any,TCP,Allow,Any,3,Medium,High Risk,Restrict remote IP access
File and Printer Sharing (Echo Request - ICMPv6-Out),Out,LocalSubnet,ICMPv6,Allow,All Ports,0,Low,High Risk,Restrict remote IP access
File and Printer Sharing (Spooler Service - RPC-EPMAP),In,LocalSubnet,TCP,Allow,RPC-EPMap,1,Low,High Risk,Restrict remote IP access
Wireless Display (UDP-Out),Out,Any,UDP,Allow,Any,3,Medium,High Risk,Restrict remote IP access
Wireless Display (TCP-Out),Out,Any,TCP,Allow,Any,3,Medium,High Risk,Restrict remote IP access
Network Discovery (LLMNR-UDP-Out),Out,LocalSubnet,UDP,Allow,Any,1,Low,High Risk,Restrict remote IP access
Network Discovery (Pub WSD-Out),Out,LocalSubnet,UDP,Allow,Any,1,Low,High Risk,Restrict remote IP access
Network Discovery (WSD Events-Out),Out,Any,TCP,Allow,Any,3,Medium,High Risk,Restrict remote IP access
Windows Defender Firewall Remote Management (RPC),In,Any,TCP,Allow,RPC,3,Medium,High Risk,Restrict remote IP access
Virtual Machine Monitoring (NB-Session-In),In,Any,TCP,Allow,139,3,Medium,High Risk,Restrict remote IP access
Windows Management Instrumentation (ASync-In),In,Any,TCP,Allow,Any,3,Medium,High Risk,Restrict remote IP access
Network Discovery (WSD Events-In),In,Any,TCP,Allow,5357,3,Medium,High Risk,Restrict remote IP access
Remote Service Management (RPC-EPMAP),In,Any,TCP,Allow,RPC-EPMap,3,Medium,High Risk,Restrict remote IP access
DIAL protocol server (HTTP-In),In,Any,TCP,Allow,10247,3,Medium,High Risk,Restrict remote IP access
Network Discovery (UPnP-Out),Out,Any,TCP,Allow,Any,3,Medium,High Risk,Restrict remote IP access
Windows Peer to Peer Collaboration Foundation (PNRP-In),In,Any,UDP,Allow,3540,3,Medium,High Risk,Restrict remote IP access
Remote Assistance (PNRP-In),In,Any,UDP,Allow,3540,3,Medium,High Risk,Restrict remote IP access
Remote Scheduled Tasks Management (RPC-EPMAP),In,Any,TCP,Allow,RPC-EPMap,3,Medium,High Risk,Restrict remote IP access
Recommended Troubleshooting Client (HTTP/HTTPS Out),Out,Any,TCP,Allow,Any,3,Medium,High Risk,Restrict remote IP access
Core Networking - Group Policy (LSASS-Out),Out,Any,TCP,Allow,Any,3,Medium,High Risk,Restrict remote IP access
File and Printer Sharing (NB-Session-Out),Out,LocalSubnet,TCP,Allow,Any,1,Low,High Risk,Restrict remote IP access
Network Discovery (WSD EventsSecure-Out),Out,LocalSubnet,TCP,Allow,Any,1,Low,High Risk,Restrict remote IP access
Network Discovery (Pub-WSD-In),In,LocalSubnet,UDP,Allow,3702,1,Low,High Risk,Restrict remote IP access
Windows Collaboration Computer Name Registration Service (SSDP-Out),Out,LocalSubnet,UDP,Allow,Any,1,Low,High Risk,Restrict remote IP access
Wireless Display Infrastructure Back Channel (TCP-In),In,Any,TCP,Allow,7250,3,Medium,High Risk,Restrict remote IP access
Windows Management Instrumentation (DCOM-In),In,LocalSubnet,TCP,Allow,135,1,Low,High Risk,Restrict remote IP access
Network Discovery (NB-Datagram-In),In,Any,UDP,Allow,138,3,Medium,High Risk,Restrict remote IP access
Core Networking - Router Solicitation (ICMPv6-In),In,Any,ICMPv6,Allow,All Ports,2,Medium,High Risk,Restrict remote IP access
Virtual Machine Monitoring (DCOM-In),In,Any,TCP,Allow,135,3,Medium,High Risk,Restrict remote IP access
Windows Management Instrumentation (WMI-Out),Out,LocalSubnet,TCP,Allow,Any,1,Low,High Risk,Restrict remote IP access
TPM Virtual Smart Card Management (TCP-In),In,Any,TCP,Allow,Any,3,Medium,High Risk,Restrict remote IP access
iSCSI Service (TCP-In),In,LocalSubnet,TCP,Allow,Any,1,Low,High Risk,Restrict remote IP access
Remote Volume Management - Virtual Disk Service (RPC),In,LocalSubnet,TCP,Allow,RPC,1,Low,High Risk,Restrict remote IP access
Core Networking - Teredo (UDP-Out),Out,Any,UDP,Allow,Any,3,Medium,High Risk,Restrict remote IP access
Routing and Remote Access (PPTP-In),In,Any,TCP,Allow,1723,3,Medium,High Risk,Restrict remote IP access
Remote Assistance (PNRP-In),In,Any,UDP,Allow,3540,3,Medium,High Risk,Restrict remote IP access
Network Discovery (NB-Name-In),In,LocalSubnet,UDP,Allow,137,1,Low,High Risk,Restrict remote IP access
Core Networking - Multicast Listener Done (ICMPv6-Out),Out,LocalSubnet,ICMPv6,Allow,All Ports,0,Low,High Risk,Restrict remote IP access
Virtual Machine Monitoring (RPC),In,Any,TCP,Allow,RPC,3,Medium,High Risk,Restrict remote IP access
Windows Device Management Certificate Installer (TCP out),Out,Any,TCP,Allow,49152-65535,3,Medium,High Risk,Restrict remote IP access
Distributed Transaction Coordinator (TCP-Out),Out,Any,TCP,Allow,Any,3,Medium,High Risk,Restrict remote IP access
File and Printer Sharing (NB-Name-In),In,LocalSubnet,UDP,Allow,137,1,Low,High Risk,Restrict remote IP access
Delivery Optimization (TCP-In),In,Any,TCP,Allow,7680,3,Medium,High Risk,Restrict remote IP access
Windows Remote Management (HTTP-In),In,LocalSubnet,TCP,Allow,5985,1,Low,High Risk,Restrict remote IP access
Windows Defender Firewall Remote Management (RPC-EPMAP),In,LocalSubnet,TCP,Allow,RPC-EPMap,1,Low,High Risk,Restrict remote IP access
Performance Logs and Alerts (TCP-In),In,LocalSubnet,TCP,Allow,Any,1,Low,High Risk,Restrict remote IP access
File and Printer Sharing (NB-Datagram-In),In,Any,UDP,Allow,138,3,Medium,High Risk,Restrict remote IP access
Windows Management Instrumentation (WMI-In),In,LocalSubnet,TCP,Allow,Any,1,Low,High Risk,Restrict remote IP access
mDNS (UDP-Out),Out,LocalSubnet,UDP,Allow,Any,1,Low,High Risk,Restrict remote IP access
Core Networking Diagnostics - ICMP Echo Request (ICMPv4-Out),Out,Any,ICMPv4,Allow,All Ports,2,Medium,High Risk,Restrict remote IP access
Windows Management Instrumentation (ASync-In),In,LocalSubnet,TCP,Allow,Any,1,Low,High Risk,Restrict remote IP access
SNMP Trap Service (UDP In),In,Any,UDP,Allow,162,3,Medium,High Risk,Restrict remote IP access
Windows Device Management Enrollment Service (TCP out),Out,Any,TCP,Allow,49152-65535,3,Medium,High Risk,Restrict remote IP access
Network Discovery (UPnP-In),In,LocalSubnet,TCP,Allow,2869,1,Low,High Risk,Restrict remote IP access
Microsoft Media Foundation Network Source IN [UDP 5004-5009],In,LocalSubnet,UDP,Allow,5000-5020,1,Low,High Risk,Restrict remote IP access
Remote Event Monitor (RPC),In,Any,TCP,Allow,RPC,3,Medium,High Risk,Restrict remote IP access
Core Networking Diagnostics - ICMP Echo Request (ICMPv6-Out),Out,LocalSubnet,ICMPv6,Allow,All Ports,0,Low,High Risk,Restrict remote IP access
Core Networking - Multicast Listener Report v2 (ICMPv6-Out),Out,LocalSubnet,ICMPv6,Allow,All Ports,0,Low,High Risk,Restrict remote IP access
Remote Event Log Management (RPC-EPMAP),In,Any,TCP,Allow,RPC-EPMap,3,Medium,High Risk,Restrict remote IP access
Remote Assistance (RA Server TCP-In),In,Any,TCP,Allow,Any,3,Medium,High Risk,Restrict remote IP access
Network Discovery (WSD EventsSecure-In),In,LocalSubnet,TCP,Allow,5358,1,Low,High Risk,Restrict remote IP access
Network Discovery (UPnP-Out),Out,LocalSubnet,TCP,Allow,Any,1,Low,High Risk,Restrict remote IP access
Remote Volume Management (RPC-EPMAP),In,LocalSubnet,TCP,Allow,RPC-EPMap,1,Low,High Risk,Restrict remote IP access
Remote Assistance (DCOM-In),In,Any,TCP,Allow,135,3,Medium,High Risk,Restrict remote IP access
File and Printer Sharing (SMB-Out),Out,Any,TCP,Allow,Any,3,Medium,High Risk,Restrict remote IP access
Network Discovery (WSD Events-In),In,LocalSubnet,TCP,Allow,5357,1,Low,High Risk,Restrict remote IP access
Remote Event Monitor (RPC-EPMAP),In,Any,TCP,Allow,RPC-EPMap,3,Medium,High Risk,Restrict remote IP access
Core Networking - Neighbor Discovery Solicitation (ICMPv6-In),In,Any,ICMPv6,Allow,All Ports,2,Medium,High Risk,Restrict remote IP access
Remote Assistance (SSDP TCP-Out),Out,LocalSubnet,TCP,Allow,Any,1,Low,High Risk,Restrict remote IP access
Remote Assistance (SSDP UDP-Out),Out,LocalSubnet,UDP,Allow,Any,1,Low,High Risk,Restrict remote IP access
Network Discovery (WSD-In),In,LocalSubnet,UDP,Allow,3702,1,Low,High Risk,Restrict remote IP access
Core Networking - Router Solicitation (ICMPv6-Out),Out,"LocalSubnet,fe80::/64,ff02::2-ff02::2",ICMPv6,Allow,All Ports,0,Low,High Risk,Restrict remote IP access
File and Printer Sharing (Echo Request - ICMPv4-Out),Out,Any,ICMPv4,Allow,All Ports,2,Medium,High Risk,Restrict remote IP access
Remote Assistance (PNRP-Out),Out,Any,UDP,Allow,Any,3,Medium,High Risk,Restrict remote IP access
Wi-Fi Direct Scan Service Use (In),In,Any,Any,Allow,All Ports,2,Medium,High Risk,Restrict remote IP access
Distributed Transaction Coordinator (RPC-EPMAP),In,Any,TCP,Allow,RPC-EPMap,3,Medium,High Risk,Restrict remote IP access
File and Printer Sharing (SMB-Out),Out,LocalSubnet,TCP,Allow,Any,1,Low,High Risk,Restrict remote IP access
File and Printer Sharing (NB-Name-Out),Out,Any,UDP,Allow,Any,3,Medium,High Risk,Restrict remote IP access
Network Discovery (UPnPHost-Out),Out,LocalSubnet,TCP,Allow,Any,1,Low,High Risk,Restrict remote IP access
iSCSI Service (TCP-Out),Out,LocalSubnet,TCP,Allow,Any,1,Low,High Risk,Restrict remote IP access
Connected Devices Platform (TCP-Out),Out,Any,TCP,Allow,Any,3,Medium,High Risk,Restrict remote IP access
Network Discovery for Teredo (SSDP-In),In,Any,UDP,Allow,Any,3,Medium,High Risk,Restrict remote IP access
Distributed Transaction Coordinator (RPC),In,LocalSubnet,TCP,Allow,RPC,1,Low,High Risk,Restrict remote IP access
File and Printer Sharing (Echo Request - ICMPv4-Out),Out,LocalSubnet,ICMPv4,Allow,All Ports,0,Low,High Risk,Restrict remote IP access
Core Networking - Dynamic Host Configuration Protocol for IPv6(DHCPV6-In),In,Any,UDP,Allow,546,3,Medium,High Risk,Restrict remote IP access
Network Discovery (WSD-In),In,LocalSubnet,UDP,Allow,3702,1,Low,High Risk,Restrict remote IP access
TPM Virtual Smart Card Management (DCOM-In),In,Any,TCP,Allow,135,3,Medium,High Risk,Restrict remote IP access
Routing and Remote Access (GRE-In),In,Any,47,Allow,All Ports,2,Medium,High Risk,Restrict remote IP access
File and Printer Sharing (Spooler Service - RPC),In,LocalSubnet,TCP,Allow,RPC,1,Low,High Risk,Restrict remote IP access
File and Printer Sharing (NB-Datagram-Out),Out,Any,UDP,Allow,Any,3,Medium,High Risk,Restrict remote IP access
File and Printer Sharing (NB-Session-In),In,Any,TCP,Allow,139,3,Medium,High Risk,Restrict remote IP access
Core Networking - Dynamic Host Configuration Protocol (DHCP-In),In,Any,UDP,Allow,68,3,Medium,High Risk,Restrict remote IP access
Core Networking - Destination Unreachable Fragmentation Needed (ICMPv4-In),In,Any,ICMPv4,Allow,All Ports,2,Medium,High Risk,Restrict remote IP access
Core Networking - Router Advertisement (ICMPv6-In),In,fe80::/64,ICMPv6,Allow,All Ports,0,Low,High Risk,Restrict remote IP access
Core Networking - Parameter Problem (ICMPv6-Out),Out,Any,ICMPv6,Allow,All Ports,2,Medium,High Risk,Restrict remote IP access
Network Discovery (LLMNR-UDP-In),In,LocalSubnet,UDP,Allow,5355,1,Low,High Risk,Restrict remote IP access
Delivery Optimization (UDP-In),In,Any,UDP,Allow,7680,3,Medium,High Risk,Restrict remote IP access
mDNS (UDP-Out),Out,Any,UDP,Allow,Any,3,Medium,High Risk,Restrict remote IP access
SNMP Trap Service (UDP In),In,LocalSubnet,UDP,Allow,162,1,Low,High Risk,Restrict remote IP access
Remote Event Log Management (NP-In),In,LocalSubnet,TCP,Allow,445,4,High,High Risk,Restrict remote IP access
Connected Devices Platform - Wi-Fi Direct Transport (TCP-Out),Out,Any,TCP,Allow,Any,3,Medium,High Risk,Restrict remote IP access
Core Networking - IPv6 (IPv6-In),In,Any,41,Allow,All Ports,2,Medium,High Risk,Restrict remote IP access
Remote Event Log Management (RPC),In,LocalSubnet,TCP,Allow,RPC,1,Low,High Risk,Restrict remote IP access
Network Discovery (NB-Datagram-Out),Out,LocalSubnet,UDP,Allow,Any,1,Low,High Risk,Restrict remote IP access
Network Discovery (NB-Name-Out),Out,LocalSubnet,UDP,Allow,Any,1,Low,High Risk,Restrict remote IP access
Windows Collaboration Computer Name Registration Service (PNRP-In),In,Any,UDP,Allow,3540,3,Medium,High Risk,Restrict remote IP access
Windows Peer to Peer Collaboration Foundation (WSD-In),In,LocalSubnet,UDP,Allow,3702,1,Low,High Risk,Restrict remote IP access
File and Printer Sharing (Spooler Service - RPC),In,Any,TCP,Allow,RPC,3,Medium,High Risk,Restrict remote IP access
File and Printer Sharing (Spooler Service - RPC-EPMAP),In,Any,TCP,Allow,RPC-EPMap,3,Medium,High Risk,Restrict remote IP access
Connected Devices Platform (UDP-Out),Out,Any,UDP,Allow,Any,3,Medium,High Risk,Restrict remote IP access
Core Networking - Packet Too Big (ICMPv6-Out),Out,Any,ICMPv6,Allow,All Ports,2,Medium,High Risk,Restrict remote IP access
Routing and Remote Access (L2TP-Out),Out,Any,UDP,Allow,Any,3,Medium,High Risk,Restrict remote IP access
Distributed Transaction Coordinator (TCP-Out),Out,LocalSubnet,TCP,Allow,Any,1,Low,High Risk,Restrict remote IP access
Remote Assistance (TCP-Out),Out,Any,TCP,Allow,Any,3,Medium,High Risk,Restrict remote IP access
Network Discovery (WSD Events-Out),Out,LocalSubnet,TCP,Allow,Any,1,Low,High Risk,Restrict remote IP access
Network Discovery (SSDP-Out),Out,LocalSubnet,UDP,Allow,Any,1,Low,High Risk,Restrict remote IP access
Remote Scheduled Tasks Management (RPC),In,Any,TCP,Allow,RPC,3,Medium,High Risk,Restrict remote IP access
Wi-Fi Direct Spooler Use (In),In,Any,Any,Allow,All Ports,2,Medium,High Risk,Restrict remote IP access
Remote Event Log Management (NP-In),In,Any,TCP,Allow,445,6,Critical,High Risk,Restrict remote IP access
Remote Assistance (TCP-Out),Out,Any,TCP,Allow,Any,3,Medium,High Risk,Restrict remote IP access
Network Discovery (UPnP-Out),Out,LocalSubnet,TCP,Allow,Any,1,Low,High Risk,Restrict remote IP access
Wi-Fi Direct Spooler Use (Out),Out,Any,Any,Allow,All Ports,2,Medium,High Risk,Restrict remote IP access
