Rule Name,Local Port,Remote IP,Action,Issue
Google Chrome (mDNS-In),5353.0,Any,Allow,Allows traffic from all IPs – too open. Remote IP is not in trusted range.
Microsoft Edge (mDNS-In),5353.0,Any,Allow,Allows traffic from all IPs – too open. Remote IP is not in trusted range.
Microsoft Edge (mDNS-In),5353.0,Any,Allow,Allows traffic from all IPs – too open. Remote IP is not in trusted range.
WFD ASP Coordination Protocol (UDP-Out),7235.0,LocalSubnet,Allow,Remote IP is not in trusted range.
WFD ASP Coordination Protocol (UDP-In),7235.0,LocalSubnet,Allow,Remote IP is not in trusted range.
Advanced TCP/IP Printer Port,9100.0,Any,Allow,Allows traffic from all IPs – too open. Remote IP is not in trusted range.
Advanced TCP/IP SLP Port,427.0,Any,Allow,Allows traffic from all IPs – too open. Remote IP is not in trusted range.
Advanced TCP/IP SNMP Port,161.0,Any,Allow,Allows traffic from all IPs – too open. Remote IP is not in trusted range.
Media Center Extenders - qWave (TCP-In),2177.0,LocalSubnet,Allow,Remote IP is not in trusted range.
Windows Media Player Network Sharing Service (qWave-UDP-In),2177.0,Any,Allow,Allows traffic from all IPs – too open. Remote IP is not in trusted range.
BranchCache Content Retrieval (HTTP-In),80.0,Any,Allow,Allows traffic from all IPs – too open. Remote IP is not in trusted range.
Windows Media Player Network Sharing Service (HTTP-Streaming-In),10243.0,Any,Allow,Allows traffic from all IPs – too open. Remote IP is not in trusted range.
Cast to Device streaming server (HTTP-Streaming-In),10246.0,Any,Allow,Allows traffic from all IPs – too open. Remote IP is not in trusted range.
Cast to Device streaming server (HTTP-Streaming-In),10246.0,Any,Allow,Allows traffic from all IPs – too open. Remote IP is not in trusted range.
Remote Desktop - User Mode (UDP-In),3389.0,Any,Allow,Allows traffic from all IPs – too open. Remote IP is not in trusted range.
Remote Desktop - User Mode (TCP-In),3389.0,Any,Allow,Allows traffic from all IPs – too open. Remote IP is not in trusted range.
Media Center Extenders - Media Streaming (TCP-In),2869.0,LocalSubnet,Allow,Remote IP is not in trusted range.
Key Management Service (TCP-In),1688.0,Any,Allow,Allows traffic from all IPs – too open. Remote IP is not in trusted range.
Media Center Extenders - Media Streaming (UDP-Out),1900.0,LocalSubnet,Allow,Remote IP is not in trusted range.
Cast to Device UPnP Events (TCP-In),2869.0,Any,Allow,Allows traffic from all IPs – too open. Remote IP is not in trusted range.
Wireless Portable Devices (SSDP-In),1900.0,LocalSubnet,Allow,Remote IP is not in trusted range.
Media Center Extenders - SSDP (UDP-In),1900.0,LocalSubnet,Allow,Remote IP is not in trusted range.
Cast to Device functionality (qWave-TCP-In),2177.0,Any,Allow,Allows traffic from all IPs – too open. Remote IP is not in trusted range.
Cast to Device streaming server (HTTP-Streaming-In),10246.0,LocalSubnet,Allow,Remote IP is not in trusted range.
Windows Media Player Network Sharing Service (HTTP-Streaming-In),10243.0,LocalSubnet,Allow,Remote IP is not in trusted range.
Wireless Portable Devices (UPnP-In),2869.0,LocalSubnet,Allow,Remote IP is not in trusted range.
Windows Media Player Network Sharing Service (SSDP-In),1900.0,LocalSubnet,Allow,Remote IP is not in trusted range.
File and Printer Sharing over SMBDirect (iWARP-In),5445.0,Any,Allow,Allows traffic from all IPs – too open. Remote IP is not in trusted range.
Key Management Service (TCP-In),1688.0,LocalSubnet,Allow,Remote IP is not in trusted range.
Media Center Extenders - XSP (TCP-In),3390.0,LocalSubnet,Allow,Remote IP is not in trusted range.
Remote Desktop - (TCP-WSS-In),3392.0,Any,Allow,Allows traffic from all IPs – too open. Remote IP is not in trusted range.
Cast to Device functionality (qWave-UDP-In),2177.0,Any,Allow,Allows traffic from all IPs – too open. Remote IP is not in trusted range.
Windows Media Player Network Sharing Service (qWave-TCP-In),2177.0,Any,Allow,Allows traffic from all IPs – too open. Remote IP is not in trusted range.
Windows Media Player Network Sharing Service (UPnP-In),2869.0,LocalSubnet,Allow,Remote IP is not in trusted range.
Windows Media Player Network Sharing Service (qWave-UDP-In),2177.0,LocalSubnet,Allow,Remote IP is not in trusted range.
Windows Media Player Network Sharing Service (qWave-TCP-In),2177.0,LocalSubnet,Allow,Remote IP is not in trusted range.
Media Center Extenders - qWave (UDP-In),2177.0,LocalSubnet,Allow,Remote IP is not in trusted range.
Media Center Extenders - HTTP Streaming (TCP-In),10244.0,LocalSubnet,Allow,Remote IP is not in trusted range.
BranchCache Peer Discovery (WSD-In),3702.0,LocalSubnet,Allow,Remote IP is not in trusted range.
Remote Desktop - (TCP-WS-In),3387.0,Any,Allow,Allows traffic from all IPs – too open. Remote IP is not in trusted range.
mDNS (UDP-In),5353.0,LocalSubnet,Allow,Remote IP is not in trusted range.
Windows Remote Management - Compatibility Mode (HTTP-In),80.0,Any,Allow,Allows traffic from all IPs – too open. Remote IP is not in trusted range.
mDNS (UDP-In),5353.0,Any,Allow,Allows traffic from all IPs – too open. Remote IP is not in trusted range.
Core Networking - Dynamic Host Configuration Protocol for IPv6(DHCPV6-Out),546.0,Any,Allow,Allows traffic from all IPs – too open. Remote IP is not in trusted range.
DIAL protocol server (HTTP-In),10247.0,LocalSubnet,Allow,Remote IP is not in trusted range.
Secure Socket Tunneling Protocol (SSTP-In),443.0,Any,Allow,Allows traffic from all IPs – too open. Remote IP is not in trusted range.
File and Printer Sharing (LLMNR-UDP-In),5355.0,LocalSubnet,Allow,Remote IP is not in trusted range.
Network Discovery (WSD-In),3702.0,LocalSubnet,Allow,Remote IP is not in trusted range.
Windows Peer to Peer Collaboration Foundation (SSDP-In),1900.0,LocalSubnet,Allow,Remote IP is not in trusted range.
File and Printer Sharing (NB-Datagram-In),138.0,LocalSubnet,Allow,Remote IP is not in trusted range.
Network Discovery (Pub-WSD-In),3702.0,LocalSubnet,Allow,Remote IP is not in trusted range.
Remote Assistance (SSDP TCP-In),2869.0,LocalSubnet,Allow,Remote IP is not in trusted range.
Windows Management Instrumentation (DCOM-In),135.0,Any,Allow,Allows traffic from all IPs – too open. Remote IP is not in trusted range.
Network Discovery (UPnP-In),2869.0,Any,Allow,Allows traffic from all IPs – too open. Remote IP is not in trusted range.
Performance Logs and Alerts (DCOM-In),135.0,LocalSubnet,Allow,Remote IP is not in trusted range.
Windows Collaboration Computer Name Registration Service (SSDP-In),1900.0,LocalSubnet,Allow,Remote IP is not in trusted range.
Network Discovery (WSD Events-In),5357.0,LocalSubnet,Allow,Remote IP is not in trusted range.
Windows Remote Management (HTTP-In),5985.0,Any,Allow,Allows traffic from all IPs – too open. Remote IP is not in trusted range.
Performance Logs and Alerts (DCOM-In),135.0,Any,Allow,Allows traffic from all IPs – too open. Remote IP is not in trusted range.
Network Discovery (NB-Datagram-In),138.0,LocalSubnet,Allow,Remote IP is not in trusted range.
Network Discovery (WSD EventsSecure-In),5358.0,LocalSubnet,Allow,Remote IP is not in trusted range.
AllJoyn Router (TCP-In),9955.0,Any,Allow,Allows traffic from all IPs – too open. Remote IP is not in trusted range.
Core Networking - Dynamic Host Configuration Protocol (DHCP-Out),68.0,Any,Allow,Allows traffic from all IPs – too open. Remote IP is not in trusted range.
Routing and Remote Access (L2TP-In),1701.0,Any,Allow,Allows traffic from all IPs – too open. Remote IP is not in trusted range.
Network Discovery (LLMNR-UDP-In),5355.0,LocalSubnet,Allow,Remote IP is not in trusted range.
mDNS (UDP-In),5353.0,LocalSubnet,Allow,Remote IP is not in trusted range.
Network Discovery (SSDP-In),1900.0,LocalSubnet,Allow,Remote IP is not in trusted range.
Netlogon Service (NP-In),445.0,Any,Allow,Allows traffic from all IPs – too open. Remote IP is not in trusted range.
Remote Assistance (SSDP UDP-In),1900.0,LocalSubnet,Allow,Remote IP is not in trusted range.
TPM Virtual Smart Card Management (DCOM-In),135.0,LocalSubnet,Allow,Remote IP is not in trusted range.
Network Discovery (NB-Name-In),137.0,Any,Allow,Allows traffic from all IPs – too open. Remote IP is not in trusted range.
File and Printer Sharing (SMB-In),445.0,Any,Allow,Allows traffic from all IPs – too open. Remote IP is not in trusted range.
Remote Service Management (NP-In),445.0,LocalSubnet,Allow,Remote IP is not in trusted range.
Network Discovery (UPnP-In),2869.0,LocalSubnet,Allow,Remote IP is not in trusted range.
File and Printer Sharing (SMB-In),445.0,LocalSubnet,Allow,Remote IP is not in trusted range.
Network Discovery (NB-Datagram-In),138.0,LocalSubnet,Allow,Remote IP is not in trusted range.
Remote Service Management (NP-In),445.0,Any,Allow,Allows traffic from all IPs – too open. Remote IP is not in trusted range.
Network Discovery (NB-Name-In),137.0,LocalSubnet,Allow,Remote IP is not in trusted range.
File and Printer Sharing (NB-Session-In),139.0,LocalSubnet,Allow,Remote IP is not in trusted range.
Network Discovery (WSD-In),3702.0,LocalSubnet,Allow,Remote IP is not in trusted range.
File and Printer Sharing (NB-Name-In),137.0,Any,Allow,Allows traffic from all IPs – too open. Remote IP is not in trusted range.
Network Discovery (SSDP-In),1900.0,LocalSubnet,Allow,Remote IP is not in trusted range.
Windows Remote Management - Compatibility Mode (HTTP-In),80.0,LocalSubnet,Allow,Remote IP is not in trusted range.
Network Discovery (WSD EventsSecure-In),5358.0,Any,Allow,Allows traffic from all IPs – too open. Remote IP is not in trusted range.
Virtual Machine Monitoring (NB-Session-In),139.0,Any,Allow,Allows traffic from all IPs – too open. Remote IP is not in trusted range.
Network Discovery (WSD Events-In),5357.0,Any,Allow,Allows traffic from all IPs – too open. Remote IP is not in trusted range.
DIAL protocol server (HTTP-In),10247.0,Any,Allow,Allows traffic from all IPs – too open. Remote IP is not in trusted range.
Windows Peer to Peer Collaboration Foundation (PNRP-In),3540.0,Any,Allow,Allows traffic from all IPs – too open. Remote IP is not in trusted range.
Remote Assistance (PNRP-In),3540.0,Any,Allow,Allows traffic from all IPs – too open. Remote IP is not in trusted range.
Network Discovery (Pub-WSD-In),3702.0,LocalSubnet,Allow,Remote IP is not in trusted range.
Wireless Display Infrastructure Back Channel (TCP-In),7250.0,Any,Allow,Allows traffic from all IPs – too open. Remote IP is not in trusted range.
Windows Management Instrumentation (DCOM-In),135.0,LocalSubnet,Allow,Remote IP is not in trusted range.
Network Discovery (NB-Datagram-In),138.0,Any,Allow,Allows traffic from all IPs – too open. Remote IP is not in trusted range.
Virtual Machine Monitoring (DCOM-In),135.0,Any,Allow,Allows traffic from all IPs – too open. Remote IP is not in trusted range.
Routing and Remote Access (PPTP-In),1723.0,Any,Allow,Allows traffic from all IPs – too open. Remote IP is not in trusted range.
Remote Assistance (PNRP-In),3540.0,Any,Allow,Allows traffic from all IPs – too open. Remote IP is not in trusted range.
Network Discovery (NB-Name-In),137.0,LocalSubnet,Allow,Remote IP is not in trusted range.
File and Printer Sharing (NB-Name-In),137.0,LocalSubnet,Allow,Remote IP is not in trusted range.
Delivery Optimization (TCP-In),7680.0,Any,Allow,Allows traffic from all IPs – too open. Remote IP is not in trusted range.
Windows Remote Management (HTTP-In),5985.0,LocalSubnet,Allow,Remote IP is not in trusted range.
File and Printer Sharing (NB-Datagram-In),138.0,Any,Allow,Allows traffic from all IPs – too open. Remote IP is not in trusted range.
SNMP Trap Service (UDP In),162.0,Any,Allow,Allows traffic from all IPs – too open. Remote IP is not in trusted range.
Network Discovery (UPnP-In),2869.0,LocalSubnet,Allow,Remote IP is not in trusted range.
Network Discovery (WSD EventsSecure-In),5358.0,LocalSubnet,Allow,Remote IP is not in trusted range.
Remote Assistance (DCOM-In),135.0,Any,Allow,Allows traffic from all IPs – too open. Remote IP is not in trusted range.
Network Discovery (WSD Events-In),5357.0,LocalSubnet,Allow,Remote IP is not in trusted range.
Network Discovery (WSD-In),3702.0,LocalSubnet,Allow,Remote IP is not in trusted range.
Core Networking - Dynamic Host Configuration Protocol for IPv6(DHCPV6-In),546.0,Any,Allow,Allows traffic from all IPs – too open. Remote IP is not in trusted range.
Network Discovery (WSD-In),3702.0,LocalSubnet,Allow,Remote IP is not in trusted range.
TPM Virtual Smart Card Management (DCOM-In),135.0,Any,Allow,Allows traffic from all IPs – too open. Remote IP is not in trusted range.
File and Printer Sharing (NB-Session-In),139.0,Any,Allow,Allows traffic from all IPs – too open. Remote IP is not in trusted range.
Core Networking - Dynamic Host Configuration Protocol (DHCP-In),68.0,Any,Allow,Allows traffic from all IPs – too open. Remote IP is not in trusted range.
Network Discovery (LLMNR-UDP-In),5355.0,LocalSubnet,Allow,Remote IP is not in trusted range.
Delivery Optimization (UDP-In),7680.0,Any,Allow,Allows traffic from all IPs – too open. Remote IP is not in trusted range.
SNMP Trap Service (UDP In),162.0,LocalSubnet,Allow,Remote IP is not in trusted range.
Remote Event Log Management (NP-In),445.0,LocalSubnet,Allow,Remote IP is not in trusted range.
Windows Collaboration Computer Name Registration Service (PNRP-In),3540.0,Any,Allow,Allows traffic from all IPs – too open. Remote IP is not in trusted range.
Windows Peer to Peer Collaboration Foundation (WSD-In),3702.0,LocalSubnet,Allow,Remote IP is not in trusted range.
Remote Event Log Management (NP-In),445.0,Any,Allow,Allows traffic from all IPs – too open. Remote IP is not in trusted range.
