Rule Name,Direction,Remote IP,Protocol,Local Port,Action
Microsoft Edge (mDNS-In),In,Any,UDP,5353,Allow
Google Chrome (mDNS-In),In,Any,UDP,5353,Allow
Windows Web Experience Pack,Out,Any,Any,All Ports,Allow
@{microsoft.windowscommunicationsapps_16005.14326.22328.0_x64__8wekyb3d8bbwe?ms-resource://microsoft.windowscommunicationsapps/hxoutlookintl/AppManifest_OutlookDesktop_DisplayName},In,Any,Any,All Ports,Allow
@{microsoft.windowscommunicationsapps_16005.14326.22328.0_x64__8wekyb3d8bbwe?ms-resource://microsoft.windowscommunicationsapps/hxoutlookintl/AppManifest_OutlookDesktop_DisplayName},Out,Any,Any,All Ports,Allow
Widgets Platform Runtime,Out,Any,Any,All Ports,Allow
HP Smart,In,Any,Any,All Ports,Allow
HP Smart,Out,Any,Any,All Ports,Allow
Solitaire & Casual Games,In,Any,Any,All Ports,Allow
Solitaire & Casual Games,Out,Any,Any,All Ports,Allow
@{Microsoft.ZuneVideo_10.25021.10041.0_x64__8wekyb3d8bbwe?ms-resource://Microsoft.ZuneVideo/resources/IDS_MANIFEST_VIDEO_APP_NAME},In,Any,Any,All Ports,Allow
@{Microsoft.ZuneVideo_10.25021.10041.0_x64__8wekyb3d8bbwe?ms-resource://Microsoft.ZuneVideo/resources/IDS_MANIFEST_VIDEO_APP_NAME},Out,Any,Any,All Ports,Allow
@{Microsoft.ZuneMusic_11.2502.4.0_x64__8wekyb3d8bbwe?ms-resource://Microsoft.ZuneMusic/Resources/AppStoreName},In,Any,Any,All Ports,Allow
@{Microsoft.ZuneMusic_11.2502.4.0_x64__8wekyb3d8bbwe?ms-resource://Microsoft.ZuneMusic/Resources/AppStoreName},Out,Any,Any,All Ports,Allow
Prime Video for Windows,Out,Any,Any,All Ports,Allow
@{Microsoft.WindowsTerminal_1.22.10731.0_x64__8wekyb3d8bbwe?ms-resource://Microsoft.WindowsTerminal/Resources/AppStoreName},Out,Any,Any,All Ports,Allow
@{Microsoft.WindowsCalculator_11.2502.2.0_x64__8wekyb3d8bbwe?ms-resource://Microsoft.WindowsCalculator/Resources/AppStoreName},Out,Any,Any,All Ports,Allow
@{Microsoft.Messaging_5.2503.4003.0_x64__8wekyb3d8bbwe?ms-resource://Microsoft.Messaging/Resources/AppStoreName},In,Any,Any,All Ports,Allow
@{Microsoft.Messaging_5.2503.4003.0_x64__8wekyb3d8bbwe?ms-resource://Microsoft.Messaging/Resources/AppStoreName},Out,Any,Any,All Ports,Allow
@{Microsoft.WindowsSoundRecorder_11.2502.0.0_x64__8wekyb3d8bbwe?ms-resource://Microsoft.WindowsSoundRecorder/Resources/AppStoreName},Out,Any,Any,All Ports,Allow
@{Clipchamp.Clipchamp_4.1.10320.0_x64__yxz26nhyzhsrt?ms-resource://Clipchamp.Clipchamp/Resources/Clipchamp/AppName},Out,Any,Any,All Ports,Allow
Microsoft 365 Copilot,Out,Any,Any,All Ports,Allow
Microsoft Store,In,Any,Any,All Ports,Allow
Microsoft Store,Out,Any,Any,All Ports,Allow
Microsoft Edge (mDNS-In),In,Any,UDP,5353,Allow
WhatsApp,In,Any,Any,All Ports,Allow
WhatsApp,Out,Any,Any,All Ports,Allow
@{MicrosoftWindows.Client.CBS_1000.22700.1067.0_x64__cw5n1h2txyewy?ms-resource://MicrosoftWindows.Client.CBS/resources/ProductPkgDisplayName},In,Any,Any,All Ports,Allow
@{MicrosoftWindows.Client.CBS_1000.22700.1067.0_x64__cw5n1h2txyewy?ms-resource://MicrosoftWindows.Client.CBS/resources/ProductPkgDisplayName},Out,Any,Any,All Ports,Allow
@{MicrosoftWindows.Client.Core_1000.22700.1017.0_x64__cw5n1h2txyewy?ms-resource://MicrosoftWindows.Client.Core/resources/ProductPkgDisplayName},In,Any,Any,All Ports,Allow
@{MicrosoftWindows.Client.Core_1000.22700.1017.0_x64__cw5n1h2txyewy?ms-resource://MicrosoftWindows.Client.Core/resources/ProductPkgDisplayName},Out,Any,Any,All Ports,Allow
@{MicrosoftWindows.LKG.TwinSxS_1000.22621.4890.0_x64__cw5n1h2txyewy?ms-resource://MicrosoftWindows.LKG.TwinSxS/resources/ProductPkgDisplayName},Out,Any,Any,All Ports,Allow
@{MicrosoftWindows.LKG.SpeechRuntime_1000.22621.4890.0_x64__cw5n1h2txyewy?ms-resource://MicrosoftWindows.LKG.SpeechRuntime/resources/ProductPkgDisplayName},Out,Any,Any,All Ports,Allow
@{MicrosoftWindows.LKG.RulesEngine_1000.22621.4890.0_x64__cw5n1h2txyewy?ms-resource://MicrosoftWindows.LKG.RulesEngine/resources/ProductPkgDisplayName},Out,Any,Any,All Ports,Allow
@{MicrosoftWindows.LKG.IrisService_1000.22621.4890.0_x64__cw5n1h2txyewy?ms-resource://MicrosoftWindows.LKG.IrisService/resources/ProductPkgDisplayName},Out,Any,Any,All Ports,Allow
@{MicrosoftWindows.LKG.DesktopSpotlight_1000.22621.4890.0_x64__cw5n1h2txyewy?ms-resource://MicrosoftWindows.LKG.DesktopSpotlight/resources/ProductPkgDisplayName},In,Any,Any,All Ports,Allow
@{MicrosoftWindows.LKG.DesktopSpotlight_1000.22621.4890.0_x64__cw5n1h2txyewy?ms-resource://MicrosoftWindows.LKG.DesktopSpotlight/resources/ProductPkgDisplayName},Out,Any,Any,All Ports,Allow
@{MicrosoftWindows.LKG.AccountsService_1000.22621.4890.0_x64__cw5n1h2txyewy?ms-resource://MicrosoftWindows.LKG.AccountsService/resources/ProductPkgDisplayName},Out,Any,Any,All Ports,Allow
@{MicrosoftWindows.Client.Core_1000.22700.1017.0_x64__cw5n1h2txyewy?ms-resource://MicrosoftWindows.Client.Core/resources/ProductPkgDisplayName},In,Any,Any,All Ports,Allow
@{MicrosoftWindows.Client.Core_1000.22700.1017.0_x64__cw5n1h2txyewy?ms-resource://MicrosoftWindows.Client.Core/resources/ProductPkgDisplayName},Out,Any,Any,All Ports,Allow
@{Microsoft.Windows.OOBENetworkCaptivePortal_10.0.21302.1000_neutral__cw5n1h2txyewy?ms-resource://Microsoft.Windows.OOBENetworkCaptivePortal/Resources/AppDisplayName},Out,Any,Any,All Ports,Allow
@{Microsoft.SecHealthUI_1000.27777.1004.0_x64__8wekyb3d8bbwe?ms-resource://Microsoft.SecHealthUI/resources/PackageDisplayName},In,Any,Any,All Ports,Allow
@{Microsoft.SecHealthUI_1000.27777.1004.0_x64__8wekyb3d8bbwe?ms-resource://Microsoft.SecHealthUI/resources/PackageDisplayName},Out,Any,Any,All Ports,Allow
Microsoft Teams,In,Any,UDP,Any,Allow
Microsoft Teams,In,Any,TCP,Any,Allow
Game Bar,In,Any,Any,All Ports,Allow
Game Bar,Out,Any,Any,All Ports,Allow
@{Microsoft.DesktopAppInstaller_1.25.340.0_x64__8wekyb3d8bbwe?ms-resource://Microsoft.DesktopAppInstaller/Resources/appDisplayName},In,Any,Any,All Ports,Allow
@{Microsoft.DesktopAppInstaller_1.25.340.0_x64__8wekyb3d8bbwe?ms-resource://Microsoft.DesktopAppInstaller/Resources/appDisplayName},Out,Any,Any,All Ports,Allow
@{Microsoft.WindowsAlarms_11.2501.7.0_x64__8wekyb3d8bbwe?ms-resource://Microsoft.WindowsAlarms/Resources/AppStoreName},In,Any,Any,All Ports,Allow
@{Microsoft.WindowsAlarms_11.2501.7.0_x64__8wekyb3d8bbwe?ms-resource://Microsoft.WindowsAlarms/Resources/AppStoreName},Out,Any,Any,All Ports,Allow
Xbox,In,Any,Any,All Ports,Allow
Xbox,Out,Any,Any,All Ports,Allow
@{Microsoft.WindowsCamera_2025.2501.1.0_x64__8wekyb3d8bbwe?ms-resource://Microsoft.WindowsCamera/LensSDK/Resources/AppStoreName},In,Any,Any,All Ports,Allow
@{Microsoft.WindowsCamera_2025.2501.1.0_x64__8wekyb3d8bbwe?ms-resource://Microsoft.WindowsCamera/LensSDK/Resources/AppStoreName},Out,Any,Any,All Ports,Allow
@{Microsoft.Windows.OOBENetworkCaptivePortal_10.0.21302.1000_neutral__cw5n1h2txyewy?ms-resource://Microsoft.Windows.OOBENetworkCaptivePortal/Resources/AppDisplayName},Out,Any,Any,All Ports,Allow
@{Microsoft.Windows.OOBENetworkCaptivePortal_10.0.21302.1000_neutral__cw5n1h2txyewy?ms-resource://Microsoft.Windows.OOBENetworkCaptivePortal/Resources/AppDisplayName},Out,Any,Any,All Ports,Allow
@{Microsoft.BingWeather_4.54.63007.0_x64__8wekyb3d8bbwe?ms-resource://Microsoft.BingWeather/Resources/ApplicationTitleWithBranding},In,Any,Any,All Ports,Allow
@{Microsoft.BingWeather_4.54.63007.0_x64__8wekyb3d8bbwe?ms-resource://Microsoft.BingWeather/Resources/ApplicationTitleWithBranding},Out,Any,Any,All Ports,Allow
@{Microsoft.StorePurchaseApp_22411.1401.1.0_x64__8wekyb3d8bbwe?ms-resource://Microsoft.StorePurchaseApp/Resources/DisplayTitle},In,Any,Any,All Ports,Allow
@{Microsoft.StorePurchaseApp_22411.1401.1.0_x64__8wekyb3d8bbwe?ms-resource://Microsoft.StorePurchaseApp/Resources/DisplayTitle},Out,Any,Any,All Ports,Allow
Microsoft Teams (personal),In,Any,UDP,Any,Allow
Microsoft Teams (personal),In,Any,TCP,Any,Allow
duolingo english test.exe,In,Any,UDP,Any,Allow
duolingo english test.exe,In,Any,TCP,Any,Allow
@{Microsoft.OneConnect_5.2411.7018.0_x64__8wekyb3d8bbwe?ms-resource://Microsoft.OneConnect/OneConnectStrings/OneConnect/AppStoreName},In,Any,Any,All Ports,Allow
@{Microsoft.OneConnect_5.2411.7018.0_x64__8wekyb3d8bbwe?ms-resource://Microsoft.OneConnect/OneConnectStrings/OneConnect/AppStoreName},Out,Any,Any,All Ports,Allow
@{Microsoft.Getstarted_10.2312.1.0_x64__8wekyb3d8bbwe?ms-resource://Microsoft.Getstarted/Resources/AppStoreName},Out,Any,Any,All Ports,Allow
@{Microsoft.Windows.OOBENetworkCaptivePortal_10.0.21302.1000_neutral__cw5n1h2txyewy?ms-resource://Microsoft.Windows.OOBENetworkCaptivePortal/Resources/AppDisplayName},Out,Any,Any,All Ports,Allow
@{Microsoft.OneConnect_5.2411.7018.0_x64__8wekyb3d8bbwe?ms-resource://Microsoft.OneConnect/OneConnectStrings/OneConnect/AppStoreName},In,Any,Any,All Ports,Allow
@{Microsoft.OneConnect_5.2411.7018.0_x64__8wekyb3d8bbwe?ms-resource://Microsoft.OneConnect/OneConnectStrings/OneConnect/AppStoreName},Out,Any,Any,All Ports,Allow
Visual Studio Code,In,Any,UDP,Any,Allow
Visual Studio Code,In,Any,TCP,Any,Allow
@{Microsoft.WindowsFeedbackHub_1.2411.17101.0_x64__8wekyb3d8bbwe?ms-resource://Microsoft.WindowsFeedbackHub/Resources/AppStoreName},In,Any,Any,All Ports,Allow
@{Microsoft.WindowsFeedbackHub_1.2411.17101.0_x64__8wekyb3d8bbwe?ms-resource://Microsoft.WindowsFeedbackHub/Resources/AppStoreName},Out,Any,Any,All Ports,Allow
@{Microsoft.Windows.OOBENetworkCaptivePortal_10.0.21302.1000_neutral__cw5n1h2txyewy?ms-resource://Microsoft.Windows.OOBENetworkCaptivePortal/Resources/AppDisplayName},Out,Any,Any,All Ports,Allow
Visual Studio Code,In,Any,UDP,Any,Allow
Visual Studio Code,In,Any,TCP,Any,Allow
@{AppUp.IntelGraphicsExperience_1.100.5688.0_x64__8j3eq9eme6ctt?ms-resource://AppUp.IntelGraphicsExperience/Resources/System_Item_Title_IntelGraphicsControlPanel},Out,Any,Any,All Ports,Allow
@{Microsoft.GetHelp_10.2409.22951.0_x64__8wekyb3d8bbwe?ms-resource://Microsoft.GetHelp/Resources/appDisplayName},Out,Any,Any,All Ports,Allow
Skype,Out,Any,UDP,Any,Allow
Skype,In,Any,UDP,Any,Allow
Skype,Out,Any,TCP,Any,Allow
Skype,In,Any,TCP,Any,Allow
@{SpotifyAB.SpotifyMusic_1.249.439.0_x64__zpdnekdrzrea0?ms-resource://SpotifyAB.SpotifyMusic/Resources/AppTitle},Out,Any,Any,All Ports,Allow
@{Microsoft.Windows.StartMenuExperienceHost_10.0.22621.4249_neutral_neutral_cw5n1h2txyewy?ms-resource://Microsoft.Windows.StartMenuExperienceHost/StartMenuExperienceHost/PkgDisplayName},In,Any,Any,All Ports,Allow
@{Microsoft.Windows.StartMenuExperienceHost_10.0.22621.4249_neutral_neutral_cw5n1h2txyewy?ms-resource://Microsoft.Windows.StartMenuExperienceHost/StartMenuExperienceHost/PkgDisplayName},Out,Any,Any,All Ports,Allow
@{Microsoft.Windows.OOBENetworkCaptivePortal_10.0.21302.1000_neutral__cw5n1h2txyewy?ms-resource://Microsoft.Windows.OOBENetworkCaptivePortal/Resources/AppDisplayName},Out,Any,Any,All Ports,Allow
@{Microsoft.Windows.OOBENetworkCaptivePortal_10.0.21302.1000_neutral__cw5n1h2txyewy?ms-resource://Microsoft.Windows.OOBENetworkCaptivePortal/Resources/AppDisplayName},Out,Any,Any,All Ports,Allow
@{Microsoft.Windows.OOBENetworkCaptivePortal_10.0.21302.1000_neutral__cw5n1h2txyewy?ms-resource://Microsoft.Windows.OOBENetworkCaptivePortal/Resources/AppDisplayName},Out,Any,Any,All Ports,Allow
@{Microsoft.Windows.OOBENetworkCaptivePortal_10.0.21302.1000_neutral__cw5n1h2txyewy?ms-resource://Microsoft.Windows.OOBENetworkCaptivePortal/Resources/AppDisplayName},Out,Any,Any,All Ports,Allow
@{MicrosoftWindows.Client.LKG_1000.22621.3880.0_x64__cw5n1h2txyewy?ms-resource://MicrosoftWindows.Client.LKG/resources/ProductPkgDisplayName},In,Any,Any,All Ports,Allow
@{MicrosoftWindows.Client.LKG_1000.22621.3880.0_x64__cw5n1h2txyewy?ms-resource://MicrosoftWindows.Client.LKG/resources/ProductPkgDisplayName},Out,Any,Any,All Ports,Allow
@{Microsoft.Windows.OOBENetworkCaptivePortal_10.0.21302.1000_neutral__cw5n1h2txyewy?ms-resource://Microsoft.Windows.OOBENetworkCaptivePortal/Resources/AppDisplayName},Out,Any,Any,All Ports,Allow
@{Microsoft.XboxIdentityProvider_12.115.1001.0_x64__8wekyb3d8bbwe?ms-resource://Microsoft.XboxIdentityProvider/Resources/DisplayName},Out,Any,Any,All Ports,Allow
@{Microsoft.Windows.OOBENetworkCaptivePortal_10.0.21302.1000_neutral__cw5n1h2txyewy?ms-resource://Microsoft.Windows.OOBENetworkCaptivePortal/Resources/AppDisplayName},Out,Any,Any,All Ports,Allow
@{MicrosoftWindows.Client.FileExp_1000.22700.1000.0_x64__cw5n1h2txyewy?ms-resource://MicrosoftWindows.Client.FileExp/resources/ProductPkgDisplayName},Out,Any,Any,All Ports,Allow
@{Microsoft.Windows.OOBENetworkCaptivePortal_10.0.21302.1000_neutral__cw5n1h2txyewy?ms-resource://Microsoft.Windows.OOBENetworkCaptivePortal/Resources/AppDisplayName},Out,Any,Any,All Ports,Allow
@{Microsoft.Windows.OOBENetworkCaptivePortal_10.0.21302.1000_neutral__cw5n1h2txyewy?ms-resource://Microsoft.Windows.OOBENetworkCaptivePortal/Resources/AppDisplayName},Out,Any,Any,All Ports,Allow
@{Microsoft.Windows.OOBENetworkCaptivePortal_10.0.21302.1000_neutral__cw5n1h2txyewy?ms-resource://Microsoft.Windows.OOBENetworkCaptivePortal/Resources/AppDisplayName},Out,Any,Any,All Ports,Allow
python.exe,In,Any,UDP,Any,Allow
python.exe,In,Any,TCP,Any,Allow
packettracer6,In,Any,UDP,Any,Allow
packettracer6,In,Any,TCP,Any,Allow
FileZilla Server,In,Any,UDP,Any,Allow
FileZilla Server,In,Any,TCP,Any,Allow
@{Microsoft.Todos_0.114.7122.0_x64__8wekyb3d8bbwe?ms-resource://Microsoft.Todos/Resources/app_name_ms_todo},In,Any,Any,All Ports,Allow
@{Microsoft.Todos_0.114.7122.0_x64__8wekyb3d8bbwe?ms-resource://Microsoft.Todos/Resources/app_name_ms_todo},Out,Any,Any,All Ports,Allow
@{Microsoft.Windows.OOBENetworkCaptivePortal_10.0.21302.1000_neutral__cw5n1h2txyewy?ms-resource://Microsoft.Windows.OOBENetworkCaptivePortal/Resources/AppDisplayName},Out,Any,Any,All Ports,Allow
@{Microsoft.Windows.OOBENetworkCaptivePortal_10.0.21302.1000_neutral__cw5n1h2txyewy?ms-resource://Microsoft.Windows.OOBENetworkCaptivePortal/Resources/AppDisplayName},Out,Any,Any,All Ports,Allow
@{Microsoft.Windows.OOBENetworkCaptivePortal_10.0.21302.1000_neutral__cw5n1h2txyewy?ms-resource://Microsoft.Windows.OOBENetworkCaptivePortal/Resources/AppDisplayName},Out,Any,Any,All Ports,Allow
@{Microsoft.Windows.OOBENetworkCaptivePortal_10.0.21302.1000_neutral__cw5n1h2txyewy?ms-resource://Microsoft.Windows.OOBENetworkCaptivePortal/Resources/AppDisplayName},Out,Any,Any,All Ports,Allow
@{Microsoft.People_10.2202.100.0_x64__8wekyb3d8bbwe?ms-resource://Microsoft.People/Resources/AppStoreName},Out,Any,Any,All Ports,Allow
@{Microsoft.LockApp_10.0.22621.3235_neutral__cw5n1h2txyewy?ms-resource://Microsoft.LockApp/resources/AppDisplayName},Out,Any,Any,All Ports,Allow
@{Microsoft.Windows.OOBENetworkCaptivePortal_10.0.21302.1000_neutral__cw5n1h2txyewy?ms-resource://Microsoft.Windows.OOBENetworkCaptivePortal/Resources/AppDisplayName},Out,Any,Any,All Ports,Allow
@{Microsoft.Windows.OOBENetworkCaptivePortal_10.0.21302.1000_neutral__cw5n1h2txyewy?ms-resource://Microsoft.Windows.OOBENetworkCaptivePortal/Resources/AppDisplayName},Out,Any,Any,All Ports,Allow
@{Microsoft.Windows.OOBENetworkCaptivePortal_10.0.21302.1000_neutral__cw5n1h2txyewy?ms-resource://Microsoft.Windows.OOBENetworkCaptivePortal/Resources/AppDisplayName},Out,Any,Any,All Ports,Allow
@{Microsoft.Windows.OOBENetworkCaptivePortal_10.0.21302.1000_neutral__cw5n1h2txyewy?ms-resource://Microsoft.Windows.OOBENetworkCaptivePortal/Resources/AppDisplayName},Out,Any,Any,All Ports,Allow
@{Microsoft.Windows.OOBENetworkCaptivePortal_10.0.21302.1000_neutral__cw5n1h2txyewy?ms-resource://Microsoft.Windows.OOBENetworkCaptivePortal/Resources/AppDisplayName},Out,Any,Any,All Ports,Allow
@{Microsoft.Windows.OOBENetworkCaptivePortal_10.0.21302.1000_neutral__cw5n1h2txyewy?ms-resource://Microsoft.Windows.OOBENetworkCaptivePortal/Resources/AppDisplayName},Out,Any,Any,All Ports,Allow
Intelr OptaneT Memory and Storage Management,Out,Any,Any,All Ports,Allow
@{Microsoft.Windows.OOBENetworkCaptivePortal_10.0.21302.1000_neutral__cw5n1h2txyewy?ms-resource://Microsoft.Windows.OOBENetworkCaptivePortal/Resources/AppDisplayName},Out,Any,Any,All Ports,Allow
@{Microsoft.Windows.OOBENetworkCaptivePortal_10.0.21302.1000_neutral__cw5n1h2txyewy?ms-resource://Microsoft.Windows.OOBENetworkCaptivePortal/Resources/AppDisplayName},Out,Any,Any,All Ports,Allow
@{Microsoft.Windows.OOBENetworkCaptivePortal_10.0.21302.1000_neutral__cw5n1h2txyewy?ms-resource://Microsoft.Windows.OOBENetworkCaptivePortal/Resources/AppDisplayName},Out,Any,Any,All Ports,Allow
@{Microsoft.Windows.OOBENetworkCaptivePortal_10.0.21302.1000_neutral__cw5n1h2txyewy?ms-resource://Microsoft.Windows.OOBENetworkCaptivePortal/Resources/AppDisplayName},Out,Any,Any,All Ports,Allow
@{Microsoft.Windows.OOBENetworkCaptivePortal_10.0.21302.1000_neutral__cw5n1h2txyewy?ms-resource://Microsoft.Windows.OOBENetworkCaptivePortal/Resources/AppDisplayName},Out,Any,Any,All Ports,Allow
@{Microsoft.Windows.OOBENetworkCaptivePortal_10.0.21302.1000_neutral__cw5n1h2txyewy?ms-resource://Microsoft.Windows.OOBENetworkCaptivePortal/Resources/AppDisplayName},Out,Any,Any,All Ports,Allow
Packet Tracer Executable,In,Any,UDP,Any,Allow
Packet Tracer Executable,In,Any,TCP,Any,Allow
@{Microsoft.Windows.OOBENetworkCaptivePortal_10.0.21302.1000_neutral__cw5n1h2txyewy?ms-resource://Microsoft.Windows.OOBENetworkCaptivePortal/Resources/AppDisplayName},Out,Any,Any,All Ports,Allow
@{Microsoft.Windows.OOBENetworkCaptivePortal_10.0.21302.1000_neutral__cw5n1h2txyewy?ms-resource://Microsoft.Windows.OOBENetworkCaptivePortal/Resources/AppDisplayName},Out,Any,Any,All Ports,Allow
@{Microsoft.Windows.OOBENetworkCaptivePortal_10.0.21302.1000_neutral__cw5n1h2txyewy?ms-resource://Microsoft.Windows.OOBENetworkCaptivePortal/Resources/AppDisplayName},Out,Any,Any,All Ports,Allow
@{Microsoft.Windows.OOBENetworkCaptivePortal_10.0.21302.1000_neutral__cw5n1h2txyewy?ms-resource://Microsoft.Windows.OOBENetworkCaptivePortal/Resources/AppDisplayName},Out,Any,Any,All Ports,Allow
@{Microsoft.Windows.OOBENetworkCaptivePortal_10.0.21302.1000_neutral__cw5n1h2txyewy?ms-resource://Microsoft.Windows.OOBENetworkCaptivePortal/Resources/AppDisplayName},Out,Any,Any,All Ports,Allow
@{Microsoft.Windows.OOBENetworkCaptivePortal_10.0.21302.1000_neutral__cw5n1h2txyewy?ms-resource://Microsoft.Windows.OOBENetworkCaptivePortal/Resources/AppDisplayName},Out,Any,Any,All Ports,Allow
@{Microsoft.Windows.OOBENetworkCaptivePortal_10.0.21302.1000_neutral__cw5n1h2txyewy?ms-resource://Microsoft.Windows.OOBENetworkCaptivePortal/Resources/AppDisplayName},Out,Any,Any,All Ports,Allow
@{Microsoft.Windows.OOBENetworkCaptivePortal_10.0.21302.1000_neutral__cw5n1h2txyewy?ms-resource://Microsoft.Windows.OOBENetworkCaptivePortal/Resources/AppDisplayName},Out,Any,Any,All Ports,Allow
@{Microsoft.Windows.SecureAssessmentBrowser_10.0.22621.2506_neutral_neutral_cw5n1h2txyewy?ms-resource://Microsoft.Windows.SecureAssessmentBrowser/Resources/PackageDisplayName},Out,Any,Any,All Ports,Allow
@{Microsoft.Windows.ContentDeliveryManager_10.0.22621.2506_neutral_neutral_cw5n1h2txyewy?ms-resource://Microsoft.Windows.ContentDeliveryManager/resources/AppDisplayName},Out,Any,Any,All Ports,Allow
@{Microsoft.Windows.CloudExperienceHost_10.0.22621.2506_neutral_neutral_cw5n1h2txyewy?ms-resource://Microsoft.Windows.CloudExperienceHost/resources/appDescription},In,Any,Any,All Ports,Allow
@{Microsoft.Windows.CloudExperienceHost_10.0.22621.2506_neutral_neutral_cw5n1h2txyewy?ms-resource://Microsoft.Windows.CloudExperienceHost/resources/appDescription},Out,Any,Any,All Ports,Allow
@{Microsoft.Windows.OOBENetworkCaptivePortal_10.0.21302.1000_neutral__cw5n1h2txyewy?ms-resource://Microsoft.Windows.OOBENetworkCaptivePortal/Resources/AppDisplayName},Out,Any,Any,All Ports,Allow
@{Microsoft.Windows.OOBENetworkCaptivePortal_10.0.21302.1000_neutral__cw5n1h2txyewy?ms-resource://Microsoft.Windows.OOBENetworkCaptivePortal/Resources/AppDisplayName},Out,Any,Any,All Ports,Allow
@{Microsoft.Windows.OOBENetworkCaptivePortal_10.0.21302.1000_neutral__cw5n1h2txyewy?ms-resource://Microsoft.Windows.OOBENetworkCaptivePortal/Resources/AppDisplayName},Out,Any,Any,All Ports,Allow
@{Microsoft.Windows.OOBENetworkCaptivePortal_10.0.21302.1000_neutral__cw5n1h2txyewy?ms-resource://Microsoft.Windows.OOBENetworkCaptivePortal/Resources/AppDisplayName},Out,Any,Any,All Ports,Allow
@{Microsoft.Windows.OOBENetworkCaptivePortal_10.0.21302.1000_neutral__cw5n1h2txyewy?ms-resource://Microsoft.Windows.OOBENetworkCaptivePortal/Resources/AppDisplayName},Out,Any,Any,All Ports,Allow
@{Microsoft.Windows.OOBENetworkCaptivePortal_10.0.21302.1000_neutral__cw5n1h2txyewy?ms-resource://Microsoft.Windows.OOBENetworkCaptivePortal/Resources/AppDisplayName},Out,Any,Any,All Ports,Allow
@{Microsoft.Windows.OOBENetworkCaptivePortal_10.0.21302.1000_neutral__cw5n1h2txyewy?ms-resource://Microsoft.Windows.OOBENetworkCaptivePortal/Resources/AppDisplayName},Out,Any,Any,All Ports,Allow
@{Microsoft.Windows.OOBENetworkCaptivePortal_10.0.21302.1000_neutral__cw5n1h2txyewy?ms-resource://Microsoft.Windows.OOBENetworkCaptivePortal/Resources/AppDisplayName},Out,Any,Any,All Ports,Allow
@{Microsoft.Windows.OOBENetworkCaptivePortal_10.0.21302.1000_neutral__cw5n1h2txyewy?ms-resource://Microsoft.Windows.OOBENetworkCaptivePortal/Resources/AppDisplayName},Out,Any,Any,All Ports,Allow
@{Microsoft.Windows.OOBENetworkCaptivePortal_10.0.21302.1000_neutral__cw5n1h2txyewy?ms-resource://Microsoft.Windows.OOBENetworkCaptivePortal/Resources/AppDisplayName},Out,Any,Any,All Ports,Allow
@{Microsoft.Windows.OOBENetworkCaptivePortal_10.0.21302.1000_neutral__cw5n1h2txyewy?ms-resource://Microsoft.Windows.OOBENetworkCaptivePortal/Resources/AppDisplayName},Out,Any,Any,All Ports,Allow
@{Microsoft.Windows.OOBENetworkCaptivePortal_10.0.21302.1000_neutral__cw5n1h2txyewy?ms-resource://Microsoft.Windows.OOBENetworkCaptivePortal/Resources/AppDisplayName},Out,Any,Any,All Ports,Allow
mysqld,In,Any,UDP,Any,Allow
mysqld,In,Any,TCP,Any,Allow
@{Microsoft.Windows.OOBENetworkCaptivePortal_10.0.21302.1000_neutral__cw5n1h2txyewy?ms-resource://Microsoft.Windows.OOBENetworkCaptivePortal/Resources/AppDisplayName},Out,Any,Any,All Ports,Allow
@{Microsoft.Windows.OOBENetworkCaptivePortal_10.0.21302.1000_neutral__cw5n1h2txyewy?ms-resource://Microsoft.Windows.OOBENetworkCaptivePortal/Resources/AppDisplayName},Out,Any,Any,All Ports,Allow
@{Microsoft.Windows.OOBENetworkCaptivePortal_10.0.21302.1000_neutral__cw5n1h2txyewy?ms-resource://Microsoft.Windows.OOBENetworkCaptivePortal/Resources/AppDisplayName},Out,Any,Any,All Ports,Allow
@{Microsoft.Windows.OOBENetworkCaptivePortal_10.0.21302.1000_neutral__cw5n1h2txyewy?ms-resource://Microsoft.Windows.OOBENetworkCaptivePortal/Resources/AppDisplayName},Out,Any,Any,All Ports,Allow
@{Microsoft.Windows.OOBENetworkCaptivePortal_10.0.21302.1000_neutral__cw5n1h2txyewy?ms-resource://Microsoft.Windows.OOBENetworkCaptivePortal/Resources/AppDisplayName},Out,Any,Any,All Ports,Allow
@{Microsoft.Windows.OOBENetworkCaptivePortal_10.0.21302.1000_neutral__cw5n1h2txyewy?ms-resource://Microsoft.Windows.OOBENetworkCaptivePortal/Resources/AppDisplayName},Out,Any,Any,All Ports,Allow
@{Microsoft.Windows.OOBENetworkCaptivePortal_10.0.21302.1000_neutral__cw5n1h2txyewy?ms-resource://Microsoft.Windows.OOBENetworkCaptivePortal/Resources/AppDisplayName},Out,Any,Any,All Ports,Allow
Apache HTTP Server,In,Any,UDP,Any,Allow
Apache HTTP Server,In,Any,TCP,Any,Allow
@{Microsoft.Windows.OOBENetworkCaptivePortal_10.0.21302.1000_neutral__cw5n1h2txyewy?ms-resource://Microsoft.Windows.OOBENetworkCaptivePortal/Resources/AppDisplayName},Out,Any,Any,All Ports,Allow
@{Microsoft.Windows.OOBENetworkCaptivePortal_10.0.21302.1000_neutral__cw5n1h2txyewy?ms-resource://Microsoft.Windows.OOBENetworkCaptivePortal/Resources/AppDisplayName},Out,Any,Any,All Ports,Allow
@{Microsoft.Windows.OOBENetworkCaptivePortal_10.0.21302.1000_neutral__cw5n1h2txyewy?ms-resource://Microsoft.Windows.OOBENetworkCaptivePortal/Resources/AppDisplayName},Out,Any,Any,All Ports,Allow
@{Microsoft.Windows.OOBENetworkCaptivePortal_10.0.21302.1000_neutral__cw5n1h2txyewy?ms-resource://Microsoft.Windows.OOBENetworkCaptivePortal/Resources/AppDisplayName},Out,Any,Any,All Ports,Allow
@{Microsoft.Windows.OOBENetworkCaptivePortal_10.0.21302.1000_neutral__cw5n1h2txyewy?ms-resource://Microsoft.Windows.OOBENetworkCaptivePortal/Resources/AppDisplayName},Out,Any,Any,All Ports,Allow
@{Microsoft.Windows.OOBENetworkCaptivePortal_10.0.21302.1000_neutral__cw5n1h2txyewy?ms-resource://Microsoft.Windows.OOBENetworkCaptivePortal/Resources/AppDisplayName},Out,Any,Any,All Ports,Allow
@{Microsoft.Windows.OOBENetworkCaptivePortal_10.0.21302.1000_neutral__cw5n1h2txyewy?ms-resource://Microsoft.Windows.OOBENetworkCaptivePortal/Resources/AppDisplayName},Out,Any,Any,All Ports,Allow
@{Microsoft.Windows.OOBENetworkCaptivePortal_10.0.21302.1000_neutral__cw5n1h2txyewy?ms-resource://Microsoft.Windows.OOBENetworkCaptivePortal/Resources/AppDisplayName},Out,Any,Any,All Ports,Allow
@{Microsoft.Windows.OOBENetworkCaptivePortal_10.0.21302.1000_neutral__cw5n1h2txyewy?ms-resource://Microsoft.Windows.OOBENetworkCaptivePortal/Resources/AppDisplayName},Out,Any,Any,All Ports,Allow
@{Microsoft.XboxApp_48.104.4001.0_x64__8wekyb3d8bbwe?ms-resource://Microsoft.XboxApp/XboxApp.Resource/Resources/App_Title},Out,Any,Any,All Ports,Allow
@{Microsoft.BingNews_4.55.62231.0_x64__8wekyb3d8bbwe?ms-resource://Microsoft.BingNews/Resources/ApplicationTitleWithTagline},Out,Any,Any,All Ports,Allow
@{Microsoft.Windows.OOBENetworkCaptivePortal_10.0.21302.1000_neutral__cw5n1h2txyewy?ms-resource://Microsoft.Windows.OOBENetworkCaptivePortal/Resources/AppDisplayName},Out,Any,Any,All Ports,Allow
@{Microsoft.Windows.OOBENetworkCaptivePortal_10.0.21302.1000_neutral__cw5n1h2txyewy?ms-resource://Microsoft.Windows.OOBENetworkCaptivePortal/Resources/AppDisplayName},Out,Any,Any,All Ports,Allow
@{Microsoft.Windows.OOBENetworkCaptivePortal_10.0.21302.1000_neutral__cw5n1h2txyewy?ms-resource://Microsoft.Windows.OOBENetworkCaptivePortal/Resources/AppDisplayName},Out,Any,Any,All Ports,Allow
@{Microsoft.Windows.OOBENetworkCaptivePortal_10.0.21302.1000_neutral__cw5n1h2txyewy?ms-resource://Microsoft.Windows.OOBENetworkCaptivePortal/Resources/AppDisplayName},Out,Any,Any,All Ports,Allow
@{Microsoft.Windows.OOBENetworkCaptivePortal_10.0.21302.1000_neutral__cw5n1h2txyewy?ms-resource://Microsoft.Windows.OOBENetworkCaptivePortal/Resources/AppDisplayName},Out,Any,Any,All Ports,Allow
@{Microsoft.Windows.OOBENetworkCaptivePortal_10.0.21302.1000_neutral__cw5n1h2txyewy?ms-resource://Microsoft.Windows.OOBENetworkCaptivePortal/Resources/AppDisplayName},Out,Any,Any,All Ports,Allow
@{Microsoft.Windows.OOBENetworkCaptivePortal_10.0.21302.1000_neutral__cw5n1h2txyewy?ms-resource://Microsoft.Windows.OOBENetworkCaptivePortal/Resources/AppDisplayName},Out,Any,Any,All Ports,Allow
@{Microsoft.Windows.OOBENetworkCaptivePortal_10.0.21302.1000_neutral__cw5n1h2txyewy?ms-resource://Microsoft.Windows.OOBENetworkCaptivePortal/Resources/AppDisplayName},Out,Any,Any,All Ports,Allow
@{Microsoft.AccountsControl_10.0.22621.1_neutral__cw5n1h2txyewy?ms-resource://Microsoft.AccountsControl/Resources/DisplayName},Out,Any,Any,All Ports,Allow
@{Microsoft.XboxGameCallableUI_1000.22621.1.0_neutral_neutral_cw5n1h2txyewy?ms-resource://Microsoft.XboxGameCallableUI/resources/PkgDisplayName},Out,Any,Any,All Ports,Allow
@{Microsoft.Windows.ParentalControls_1000.22621.1.0_neutral_neutral_cw5n1h2txyewy?ms-resource://Microsoft.Windows.ParentalControls/resources/DisplayName},Out,Any,Any,All Ports,Allow
@{Microsoft.Windows.PeopleExperienceHost_10.0.22621.1_neutral_neutral_cw5n1h2txyewy?ms-resource://Microsoft.Windows.PeopleExperienceHost/resources/PkgDisplayName},Out,Any,Any,All Ports,Allow
@{Microsoft.Windows.NarratorQuickStart_10.0.22621.1_neutral_neutral_8wekyb3d8bbwe?ms-resource://Microsoft.Windows.NarratorQuickStart/Resources/AppDisplayName},Out,Any,Any,All Ports,Allow
@{Microsoft.Win32WebViewHost_10.0.22621.1_neutral_neutral_cw5n1h2txyewy?ms-resource://Windows.Win32WebViewHost/resources/DisplayName},In,Any,Any,All Ports,Allow
@{Microsoft.Win32WebViewHost_10.0.22621.1_neutral_neutral_cw5n1h2txyewy?ms-resource://Windows.Win32WebViewHost/resources/DisplayName},Out,Any,Any,All Ports,Allow
@{Microsoft.Windows.Apprep.ChxApp_1000.22621.1.0_neutral_neutral_cw5n1h2txyewy?ms-resource://Microsoft.Windows.Apprep.ChxApp/resources/DisplayName},Out,Any,Any,All Ports,Allow
NcsiUwpApp,Out,Any,Any,All Ports,Allow
@{Microsoft.Windows.OOBENetworkCaptivePortal_10.0.21302.1000_neutral__cw5n1h2txyewy?ms-resource://Microsoft.Windows.OOBENetworkCaptivePortal/Resources/AppDisplayName},Out,Any,Any,All Ports,Allow
@{Microsoft.AAD.BrokerPlugin_1000.19580.1000.0_neutral_neutral_cw5n1h2txyewy?ms-resource://Microsoft.AAD.BrokerPlugin/resources/PackageDisplayName},In,Any,Any,All Ports,Allow
@{Microsoft.AAD.BrokerPlugin_1000.19580.1000.0_neutral_neutral_cw5n1h2txyewy?ms-resource://Microsoft.AAD.BrokerPlugin/resources/PackageDisplayName},Out,Any,Any,All Ports,Allow
@{Microsoft.Windows.OOBENetworkCaptivePortal_10.0.21302.1000_neutral__cw5n1h2txyewy?ms-resource://Microsoft.Windows.OOBENetworkCaptivePortal/Resources/AppDisplayName},Out,Any,Any,All Ports,Allow
windows_ie_ac_001,Out,Any,Any,All Ports,Allow
Print 3D,In,Any,Any,All Ports,Allow
Print 3D,Out,Any,Any,All Ports,Allow
@{Microsoft.MixedReality.Portal_2000.21051.1282.0_x64__8wekyb3d8bbwe?ms-resource://Microsoft.MixedReality.Portal/Resources/PkgDisplayName},Out,Any,Any,All Ports,Allow
Xbox TCUI,Out,Any,Any,All Ports,Allow
Xbox Game Bar Plugin,Out,Any,Any,All Ports,Allow
@{Microsoft.Windows.ContentDeliveryManager_10.0.18362.387_neutral_neutral_cw5n1h2txyewy?ms-resource://Microsoft.Windows.ContentDeliveryManager/resources/AppDisplayName},Out,Any,Any,All Ports,Allow
@{Microsoft.Windows.CloudExperienceHost_10.0.18362.387_neutral_neutral_cw5n1h2txyewy?ms-resource://Microsoft.Windows.CloudExperienceHost/resources/appDescription},In,Any,Any,All Ports,Allow
@{Microsoft.Windows.CloudExperienceHost_10.0.18362.387_neutral_neutral_cw5n1h2txyewy?ms-resource://Microsoft.Windows.CloudExperienceHost/resources/appDescription},Out,Any,Any,All Ports,Allow
@{Microsoft.AAD.BrokerPlugin_1000.18362.387.0_neutral_neutral_cw5n1h2txyewy?ms-resource://Microsoft.AAD.BrokerPlugin/resources/PackageDisplayName},In,Any,Any,All Ports,Allow
@{Microsoft.AAD.BrokerPlugin_1000.18362.387.0_neutral_neutral_cw5n1h2txyewy?ms-resource://Microsoft.AAD.BrokerPlugin/resources/PackageDisplayName},Out,Any,Any,All Ports,Allow
@{Microsoft.Windows.StartMenuExperienceHost_10.0.18362.387_neutral_neutral_cw5n1h2txyewy?ms-resource://Microsoft.Windows.StartMenuExperienceHost/StartMenuExperienceHost/PkgDisplayName},In,Any,Any,All Ports,Allow
@{Microsoft.Windows.StartMenuExperienceHost_10.0.18362.387_neutral_neutral_cw5n1h2txyewy?ms-resource://Microsoft.Windows.StartMenuExperienceHost/StartMenuExperienceHost/PkgDisplayName},Out,Any,Any,All Ports,Allow
@{Microsoft.Windows.ShellExperienceHost_10.0.18362.387_neutral_neutral_cw5n1h2txyewy?ms-resource://Microsoft.Windows.ShellExperienceHost/resources/PkgDisplayName},In,Any,Any,All Ports,Allow
@{Microsoft.Windows.ShellExperienceHost_10.0.18362.387_neutral_neutral_cw5n1h2txyewy?ms-resource://Microsoft.Windows.ShellExperienceHost/resources/PkgDisplayName},Out,Any,Any,All Ports,Allow
@{Microsoft.Windows.OOBENetworkCaptivePortal_10.0.19041.1023_neutral__cw5n1h2txyewy?ms-resource://Microsoft.Windows.OOBENetworkCaptivePortal/Resources/AppDisplayName},Out,Any,Any,All Ports,Allow
@{Microsoft.Windows.SecHealthUI_10.0.19041.1865_neutral__cw5n1h2txyewy?ms-resource://Microsoft.Windows.SecHealthUI/resources/PackageDisplayName},Out,Any,Any,All Ports,Allow
@{Microsoft.Windows.SecHealthUI_10.0.19041.1865_neutral__cw5n1h2txyewy?ms-resource://Microsoft.Windows.SecHealthUI/resources/PackageDisplayName},In,Any,Any,All Ports,Allow
Advanced TCP/IP Port Installer,In,Any,TCP,Any,Allow
Advanced TCP/IP Port Installer,In,Any,UDP,Any,Allow
Advanced TCP/IP Printer Port,In,Any,TCP,9100,Allow
Advanced TCP/IP SLP Port,In,Any,TCP,427,Allow
Advanced TCP/IP SNMP Port,In,Any,TCP,161,Allow
Zoom Video Meeting,In,Any,UDP,7200-17210,Allow
Airhost service for Zoom Video Meetings,In,Any,TCP,"5000,7000,7100,50000,7200-17210,8888",Allow
Airhost service for Zoom Video Meetings,In,Any,UDP,"5353,7200-17210,8889",Allow
@{Microsoft.Windows.Search_1.14.10.19041_neutral_neutral_cw5n1h2txyewy?ms-resource://Microsoft.Windows.Search/resources/PackageDisplayName},Out,Any,Any,All Ports,Allow
@{Microsoft.Windows.Search_1.14.10.19041_neutral_neutral_cw5n1h2txyewy?ms-resource://Microsoft.Windows.Search/resources/PackageDisplayName},In,Any,Any,All Ports,Allow
Media Center Extenders - qWave (TCP-In),In,LocalSubnet,TCP,2177,Allow
Windows Media Player Network Sharing Service (TCP-Out),Out,Any,TCP,Any,Allow
Windows Media Player Network Sharing Service (qWave-UDP-In),In,Any,UDP,2177,Allow
BranchCache Peer Discovery (WSD-Out),Out,LocalSubnet,UDP,Any,Allow
Windows Media Player (TCP-Out),Out,Any,TCP,Any,Allow
Windows Media Player (UDP-Out),Out,Any,UDP,Any,Allow
BranchCache Content Retrieval (HTTP-In),In,Any,TCP,80,Allow
Windows Media Player Network Sharing Service (HTTP-Streaming-In),In,Any,TCP,10243,Allow
Windows Media Player Network Sharing Service (Streaming-UDP-Out),Out,LocalSubnet,UDP,Any,Allow
Cast to Device streaming server (RTSP-Streaming-In),In,Any,TCP,"23554,23555,23556",Allow
Cast to Device streaming server (HTTP-Streaming-In),In,Any,TCP,10246,Allow
Cast to Device streaming server (HTTP-Streaming-In),In,Any,TCP,10246,Allow
Windows Media Player x86 (TCP-Out),Out,Any,TCP,Any,Allow
Windows Media Player x86 (UDP-Out),Out,Any,UDP,Any,Allow
Media Center Extenders - Media Streaming (TCP-Out),Out,LocalSubnet,TCP,Any,Allow
Media Center Extenders - SSDP (UDP-Out),Out,LocalSubnet,UDP,Any,Allow
BranchCache Content Retrieval (HTTP-Out),Out,Any,TCP,Any,Allow
Remote Desktop - User Mode (UDP-In),In,Any,UDP,3389,Allow
Remote Desktop - User Mode (TCP-In),In,Any,TCP,3389,Allow
Media Center Extenders - Media Streaming (TCP-In),In,LocalSubnet,TCP,2869,Allow
Key Management Service (TCP-In),In,Any,TCP,1688,Allow
Cast to Device streaming server (RTCP-Streaming-In),In,Any,UDP,Any,Allow
Windows Media Player Network Sharing Service (UDP-Out),Out,Any,UDP,Any,Allow
Cast to Device streaming server (RTSP-Streaming-In),In,LocalSubnet,TCP,"23554,23555,23556",Allow
Media Center Extenders - Media Streaming (UDP-Out),Out,LocalSubnet,UDP,1900,Allow
Media Center Extenders - WMDRM-ND/RTP/RTCP (UDP-Out),Out,LocalSubnet,UDP,Any,Allow
Media Center Extenders - RTSP (TCP-Out),Out,LocalSubnet,TCP,Any,Allow
Cast to Device UPnP Events (TCP-In),In,Any,TCP,2869,Allow
Wireless Portable Devices (UPnPHost-Out),Out,LocalSubnet,TCP,Any,Allow
Wireless Portable Devices (SSDP-Out),Out,LocalSubnet,UDP,Any,Allow
Cast to Device streaming server (RTP-Streaming-Out),Out,Any,UDP,Any,Allow
Wireless Portable Devices (SSDP-In),In,LocalSubnet,UDP,1900,Allow
Media Center Extenders - Device Validation (TCP-Out),Out,Any,TCP,Any,Allow
Cast to Device SSDP Discovery (UDP-In),In,Any,UDP,Ply2Disc,Allow
BranchCache Hosted Cache Client (HTTP-Out),Out,Any,TCP,Any,Allow
Windows Media Player Network Sharing Service (TCP-Out),Out,LocalSubnet,TCP,Any,Allow
Media Center Extenders - Service (TCP-Out),Out,LocalSubnet,TCP,Any,Allow
Media Center Extenders - UPnP (TCP-Out),Out,LocalSubnet,TCP,Any,Allow
Windows Media Player Network Sharing Service (qWave-TCP-Out),Out,Any,TCP,Any,Allow
Windows Media Player Network Sharing Service (qWave-UDP-Out),Out,Any,UDP,Any,Allow
Remote Desktop - Shadow (TCP-In),In,Any,TCP,Any,Allow
Media Center Extenders - SSDP (UDP-In),In,LocalSubnet,UDP,1900,Allow
Cast to Device functionality (qWave-TCP-In),In,Any,TCP,2177,Allow
Cast to Device streaming server (HTTP-Streaming-In),In,LocalSubnet,TCP,10246,Allow
Windows Media Player Network Sharing Service (qWave-UDP-Out),Out,LocalSubnet,UDP,Any,Allow
Windows Media Player Network Sharing Service (HTTP-Streaming-In),In,LocalSubnet,TCP,10243,Allow
Windows Media Player Network Sharing Service (UDP-Out),Out,LocalSubnet,UDP,Any,Allow
Wireless Portable Devices (UPnP-Out),Out,LocalSubnet,TCP,Any,Allow
Windows Media Player Network Sharing Service (HTTP-Streaming-Out),Out,LocalSubnet,TCP,Any,Allow
Wireless Portable Devices (UPnP-In),In,LocalSubnet,TCP,2869,Allow
Windows Media Player Network Sharing Service (SSDP-In),In,LocalSubnet,UDP,1900,Allow
File and Printer Sharing over SMBDirect (iWARP-In),In,Any,TCP,5445,Allow
Windows Media Player Network Sharing Service (UPnP-Out),Out,LocalSubnet,TCP,Any,Allow
Windows Media Player Network Sharing Service (Streaming-TCP-Out),Out,Any,TCP,Any,Allow
Windows Media Player Network Sharing Service (qWave-TCP-Out),Out,LocalSubnet,TCP,Any,Allow
Key Management Service (TCP-In),In,LocalSubnet,TCP,1688,Allow
Windows Media Player Network Sharing Service (SSDP-Out),Out,LocalSubnet,UDP,Any,Allow
Media Center Extenders - XSP (TCP-In),In,LocalSubnet,TCP,3390,Allow
Remote Desktop - (TCP-WSS-In),In,Any,TCP,3392,Allow
Cast to Device functionality (qWave-UDP-Out),Out,Any,UDP,Any,Allow
Media Center Extenders - qWave (TCP-Out),Out,LocalSubnet,TCP,Any,Allow
Media Center Extenders - qWave (UDP-Out),Out,LocalSubnet,UDP,Any,Allow
Media Center Extenders - RTSP (TCP-In),In,LocalSubnet,TCP,"554,8554,8555,8556,8557,8558",Allow
Windows Media Player Network Sharing Service (Streaming-UDP-In),In,LocalSubnet,UDP,Any,Allow
Cloud Identity (TCP-Out),Out,Any,TCP,Any,Allow
Windows Media Player Network Sharing Service (HTTP-Streaming-Out),Out,Any,TCP,Any,Allow
Cast to Device functionality (qWave-UDP-In),In,Any,UDP,2177,Allow
Windows Media Player Network Sharing Service (Streaming-UDP-In),In,Any,UDP,Any,Allow
Wireless Portable Devices (TCP-Out),Out,Any,TCP,Any,Allow
Windows Media Player Network Sharing Service (TCP-In),In,LocalSubnet,TCP,Any,Allow
Windows Media Player Network Sharing Service (UDP-In),In,LocalSubnet,UDP,Any,Allow
Windows Media Player x86 (UDP-In),In,Any,UDP,Any,Allow
Media Center Extenders - WMDRM-ND/RTP/RTCP (UDP-In),In,LocalSubnet,UDP,"7777,7778,7779,7780,7781,5004,5005,50004,50005,50006,50007,50008,50009,50010,50011,50012,50013",Allow
Cast to Device streaming server (RTSP-Streaming-In),In,Any,TCP,"23554,23555,23556",Allow
Windows Media Player Network Sharing Service (qWave-TCP-In),In,Any,TCP,2177,Allow
Windows Media Player Network Sharing Service (TCP-In),In,Any,TCP,Any,Allow
Windows Media Player Network Sharing Service (UDP-In),In,Any,UDP,Any,Allow
Windows Media Player Network Sharing Service (UPnPHost-Out),Out,LocalSubnet,TCP,Any,Allow
BranchCache Hosted Cache Server (HTTP-In),In,Any,TCP,"80,443",Allow
Windows Media Player Network Sharing Service (Streaming-UDP-Out),Out,Any,UDP,Any,Allow
Windows Media Player Network Sharing Service (UPnP-In),In,LocalSubnet,TCP,2869,Allow
Cast to Device streaming server (RTCP-Streaming-In),In,Any,UDP,Any,Allow
Windows Media Player Network Sharing Service (qWave-UDP-In),In,LocalSubnet,UDP,2177,Allow
Windows Media Player Network Sharing Service (qWave-TCP-In),In,LocalSubnet,TCP,2177,Allow
Media Center Extenders - Device Provisioning (TCP-Out),Out,Any,TCP,Any,Allow
Cast to Device streaming server (RTP-Streaming-Out),Out,LocalSubnet,UDP,Any,Allow
Cast to Device streaming server (RTP-Streaming-Out),Out,Any,UDP,Any,Allow
Media Center Extenders - qWave (UDP-In),In,LocalSubnet,UDP,2177,Allow
Wireless Portable Devices (TCP-Out),Out,LocalSubnet,TCP,Any,Allow
Media Center Extenders - HTTP Streaming (TCP-In),In,LocalSubnet,TCP,10244,Allow
Cast to Device streaming server (RTCP-Streaming-In),In,LocalSubnet,UDP,Any,Allow
BranchCache Peer Discovery (WSD-In),In,LocalSubnet,UDP,3702,Allow
Remote Desktop - (TCP-WS-In),In,Any,TCP,3387,Allow
Cast to Device functionality (qWave-TCP-Out),Out,Any,TCP,Any,Allow
BranchCache Hosted Cache Server(HTTP-Out),Out,Any,TCP,"80,443",Allow
Windows Media Player (UDP-In),In,Any,UDP,Any,Allow
Windows Media Player Network Sharing Service (Streaming-TCP-Out),Out,LocalSubnet,TCP,Any,Allow
Network Discovery (NB-Name-Out),Out,Any,UDP,Any,Allow
mDNS (UDP-In),In,LocalSubnet,UDP,5353,Allow
Core Networking Diagnostics - ICMP Echo Request (ICMPv6-In),In,Any,ICMPv6,All Ports,Allow
Core Networking - Group Policy (TCP-Out),Out,Any,TCP,Any,Allow
Distributed Transaction Coordinator (TCP-In),In,Any,TCP,Any,Allow
Network Discovery (NB-Name-Out),Out,LocalSubnet,UDP,Any,Allow
Routing and Remote Access (GRE-Out),Out,Any,47,All Ports,Allow
Network Discovery (UPnPHost-Out),Out,LocalSubnet,TCP,Any,Allow
Windows Remote Management - Compatibility Mode (HTTP-In),In,Any,TCP,80,Allow
Core Networking Diagnostics - ICMP Echo Request (ICMPv4-In),In,LocalSubnet,ICMPv4,All Ports,Allow
Remote Assistance (TCP-In),In,Any,TCP,Any,Allow
Windows Peer to Peer Collaboration Foundation (TCP-In),In,Any,TCP,Any,Allow
mDNS (UDP-In),In,Any,UDP,5353,Allow
Core Networking - Time Exceeded (ICMPv6-In),In,Any,ICMPv6,All Ports,Allow
Netlogon Service Authz (RPC),In,Any,TCP,RPC,Allow
File and Printer Sharing (LLMNR-UDP-Out),Out,LocalSubnet,UDP,Any,Allow
Windows Management Instrumentation (WMI-Out),Out,Any,TCP,Any,Allow
Remote Volume Management - Virtual Disk Service (RPC),In,Any,TCP,RPC,Allow
Core Networking - Dynamic Host Configuration Protocol for IPv6(DHCPV6-Out),Out,Any,UDP,546,Allow
Distributed Transaction Coordinator (TCP-In),In,LocalSubnet,TCP,Any,Allow
DIAL protocol server (HTTP-In),In,LocalSubnet,TCP,10247,Allow
Secure Socket Tunneling Protocol (SSTP-In),In,Any,TCP,443,Allow
Core Networking Diagnostics - ICMP Echo Request (ICMPv4-In),In,Any,ICMPv4,All Ports,Allow
Core Networking - Multicast Listener Report (ICMPv6-In),In,LocalSubnet,ICMPv6,All Ports,Allow
Windows Device Management Sync Client (TCP out),Out,Any,TCP,49152-65535,Allow
File and Printer Sharing (LLMNR-UDP-In),In,LocalSubnet,UDP,5355,Allow
Network Discovery (WSD-In),In,LocalSubnet,UDP,3702,Allow
Network Discovery (WSD-Out),Out,LocalSubnet,UDP,Any,Allow
Windows Peer to Peer Collaboration Foundation (SSDP-In),In,LocalSubnet,UDP,1900,Allow
Core Networking - Multicast Listener Query (ICMPv6-In),In,LocalSubnet,ICMPv6,All Ports,Allow
Remote Event Log Management (RPC),In,Any,TCP,RPC,Allow
File and Printer Sharing (Echo Request - ICMPv4-In),In,Any,ICMPv4,All Ports,Allow
File and Printer Sharing (NB-Datagram-In),In,LocalSubnet,UDP,138,Allow
Remote Volume Management - Virtual Disk Service Loader (RPC),In,Any,TCP,RPC,Allow
Core Networking - Multicast Listener Report v2 (ICMPv6-In),In,LocalSubnet,ICMPv6,All Ports,Allow
Windows Management Instrumentation (WMI-In),In,Any,TCP,Any,Allow
File and Printer Sharing (NB-Name-Out),Out,LocalSubnet,UDP,Any,Allow
Network Discovery (Pub-WSD-In),In,LocalSubnet,UDP,3702,Allow
WFD ASP Coordination Protocol (UDP-In),In,LocalSubnet,UDP,7235,Allow
iSCSI Service (TCP-Out),Out,Any,TCP,Any,Allow
Core Networking - Group Policy (NP-Out),Out,Any,TCP,Any,Allow
Core Networking - Internet Group Management Protocol (IGMP-In),In,Any,2,All Ports,Allow
Proximity sharing over TCP (TCP sharing-In),In,Any,TCP,Any,Allow
Distributed Transaction Coordinator (RPC),In,Any,TCP,RPC,Allow
Remote Assistance (SSDP TCP-In),In,LocalSubnet,TCP,2869,Allow
Windows Management Instrumentation (DCOM-In),In,Any,TCP,135,Allow
Network Discovery (WSD EventsSecure-Out),Out,LocalSubnet,TCP,Any,Allow
Core Networking Diagnostics - ICMP Echo Request (ICMPv6-Out),Out,Any,ICMPv6,All Ports,Allow
Remote Event Log Management (RPC-EPMAP),In,LocalSubnet,TCP,RPC-EPMap,Allow
Network Discovery (UPnP-In),In,Any,TCP,2869,Allow
WFD Driver-only (UDP-Out),Out,Any,UDP,Any,Allow
Core Networking - IPv6 (IPv6-Out),Out,Any,41,All Ports,Allow
Performance Logs and Alerts (DCOM-In),In,LocalSubnet,TCP,135,Allow
Windows Collaboration Computer Name Registration Service (SSDP-In),In,LocalSubnet,UDP,1900,Allow
File and Printer Sharing (Echo Request - ICMPv6-In),In,Any,ICMPv6,All Ports,Allow
Wireless Display (TCP-In),In,Any,TCP,Any,Allow
Network Discovery (WSD Events-In),In,LocalSubnet,TCP,5357,Allow
Network Discovery (WSD-Out),Out,LocalSubnet,UDP,Any,Allow
Windows Peer to Peer Collaboration Foundation (PNRP-Out),Out,Any,UDP,Any,Allow
Core Networking - Neighbor Discovery Solicitation (ICMPv6-Out),Out,Any,ICMPv6,All Ports,Allow
Wi-Fi Direct Network Discovery (In),In,Any,Any,All Ports,Allow
Inbound Rule for Remote Shutdown (RPC-EP-In),In,Any,TCP,RPC-EPMap,Allow
Windows Remote Management (HTTP-In),In,Any,TCP,5985,Allow
Performance Logs and Alerts (TCP-In),In,Any,TCP,Any,Allow
Routing and Remote Access (PPTP-Out),Out,Any,TCP,Any,Allow
Network Discovery (NB-Datagram-Out),Out,Any,UDP,Any,Allow
Performance Logs and Alerts (DCOM-In),In,Any,TCP,135,Allow
Network Discovery (SSDP-Out),Out,LocalSubnet,UDP,Any,Allow
mDNS (UDP-Out),Out,LocalSubnet,UDP,Any,Allow
Core Networking Diagnostics - ICMP Echo Request (ICMPv4-Out),Out,LocalSubnet,ICMPv4,All Ports,Allow
File and Printer Sharing (Echo Request - ICMPv6-In),In,LocalSubnet,ICMPv6,All Ports,Allow
File and Printer Sharing (NB-Session-Out),Out,Any,TCP,Any,Allow
Network Discovery (NB-Datagram-In),In,LocalSubnet,UDP,138,Allow
Remote Scheduled Tasks Management (RPC),In,LocalSubnet,TCP,RPC,Allow
Connected Devices Platform - Wi-Fi Direct Transport (TCP-In),In,Any,TCP,Any,Allow
Network Discovery (WSD EventsSecure-In),In,LocalSubnet,TCP,5358,Allow
Core Networking - Destination Unreachable (ICMPv6-In),In,Any,ICMPv6,All Ports,Allow
Wi-Fi Direct Scan Service Use (Out),Out,Any,Any,All Ports,Allow
Connected User Experiences and Telemetry,Out,Any,TCP,Any,Allow
WFD Driver-only (TCP-Out),Out,Any,TCP,Any,Allow
Core Networking - Multicast Listener Done (ICMPv6-In),In,LocalSubnet,ICMPv6,All Ports,Allow
AllJoyn Router (UDP-In),In,Any,UDP,Any,Allow
AllJoyn Router (TCP-In),In,Any,TCP,9955,Allow
Remote Assistance (PNRP-Out),Out,Any,UDP,Any,Allow
File and Printer Sharing (NB-Datagram-Out),Out,LocalSubnet,UDP,Any,Allow
Network Discovery (WSD Events-Out),Out,LocalSubnet,TCP,Any,Allow
Windows Defender Firewall Remote Management (RPC),In,LocalSubnet,TCP,RPC,Allow
Core Networking - IPHTTPS (TCP-In),In,Any,TCP,IPHTTPS,Allow
Core Networking - Dynamic Host Configuration Protocol (DHCP-Out),Out,Any,UDP,68,Allow
Core Networking - Packet Too Big (ICMPv6-In),In,Any,ICMPv6,All Ports,Allow
Routing and Remote Access (L2TP-In),In,Any,UDP,1701,Allow
Proximity sharing over TCP (TCP sharing-Out),Out,Any,TCP,Any,Allow
Network Discovery (LLMNR-UDP-In),In,LocalSubnet,UDP,5355,Allow
TPM Virtual Smart Card Management (TCP-Out),Out,Any,TCP,Any,Allow
Core Networking - Multicast Listener Report (ICMPv6-Out),Out,LocalSubnet,ICMPv6,All Ports,Allow
Virtual Machine Monitoring (Echo Request - ICMPv6-In),In,Any,ICMPv6,All Ports,Allow
Wi-Fi Direct Network Discovery (Out),Out,Any,Any,All Ports,Allow
AllJoyn Router (TCP-Out),Out,Any,TCP,Any,Allow
Remote Assistance (TCP-In),In,Any,TCP,Any,Allow
mDNS (UDP-In),In,LocalSubnet,UDP,5353,Allow
Remote Scheduled Tasks Management (RPC-EPMAP),In,LocalSubnet,TCP,RPC-EPMap,Allow
Connected Devices Platform (TCP-In),In,Any,TCP,Any,Allow
Connected Devices Platform (UDP-In),In,Any,UDP,Any,Allow
Network Discovery (SSDP-In),In,LocalSubnet,UDP,1900,Allow
Virtual Machine Monitoring (Echo Request - ICMPv4-In),In,Any,ICMPv4,All Ports,Allow
Netlogon Service (NP-In),In,Any,TCP,445,Allow
Network Discovery (Pub WSD-Out),Out,LocalSubnet,UDP,Any,Allow
Network Discovery for Teredo (UPnP-In),In,Any,TCP,Any,Allow
Network Discovery (LLMNR-UDP-Out),Out,LocalSubnet,UDP,Any,Allow
Network Discovery (WSD EventsSecure-Out),Out,Any,TCP,Any,Allow
Core Networking - Time Exceeded (ICMPv6-Out),Out,Any,ICMPv6,All Ports,Allow
Remote Assistance (SSDP UDP-In),In,LocalSubnet,UDP,1900,Allow
TPM Virtual Smart Card Management (TCP-Out),Out,LocalSubnet,TCP,Any,Allow
TPM Virtual Smart Card Management (TCP-In),In,LocalSubnet,TCP,Any,Allow
TPM Virtual Smart Card Management (DCOM-In),In,LocalSubnet,TCP,135,Allow
Remote Volume Management - Virtual Disk Service Loader (RPC),In,LocalSubnet,TCP,RPC,Allow
Remote Volume Management (RPC-EPMAP),In,Any,TCP,RPC-EPMap,Allow
Core Networking Diagnostics - ICMP Echo Request (ICMPv6-In),In,LocalSubnet,ICMPv6,All Ports,Allow
File and Printer Sharing (Echo Request - ICMPv6-Out),Out,Any,ICMPv6,All Ports,Allow
Network Discovery (NB-Name-In),In,Any,UDP,137,Allow
File and Printer Sharing (SMB-In),In,Any,TCP,445,Allow
Windows Peer to Peer Collaboration Foundation (SSDP-Out),Out,LocalSubnet,UDP,Any,Allow
Core Networking - Multicast Listener Query (ICMPv6-Out),Out,LocalSubnet,ICMPv6,All Ports,Allow
Windows Device Management Device Enroller (TCP out),Out,Any,TCP,49152-65535,Allow
WFD Driver-only (UDP-In),In,Any,UDP,Any,Allow
WFD Driver-only (TCP-In),In,Any,TCP,Any,Allow
Windows Defender Firewall Remote Management (RPC-EPMAP),In,Any,TCP,RPC-EPMap,Allow
Remote Service Management (NP-In),In,LocalSubnet,TCP,445,Allow
AllJoyn Router (UDP-Out),Out,Any,UDP,Any,Allow
Network Discovery (UPnP-In),In,LocalSubnet,TCP,2869,Allow
Core Networking - Neighbor Discovery Advertisement (ICMPv6-Out),Out,Any,ICMPv6,All Ports,Allow
Distributed Transaction Coordinator (RPC-EPMAP),In,LocalSubnet,TCP,RPC-EPMap,Allow
Windows Collaboration Computer Name Registration Service (PNRP-Out),Out,Any,UDP,Any,Allow
File and Printer Sharing (SMB-In),In,LocalSubnet,TCP,445,Allow
Microsoft Media Foundation Network Source OUT [TCP ALL],Out,LocalSubnet,TCP,Any,Allow
Remote Service Management (RPC),In,Any,TCP,RPC,Allow
Network Discovery (NB-Datagram-In),In,LocalSubnet,UDP,138,Allow
Network Discovery (NB-Datagram-Out),Out,LocalSubnet,UDP,Any,Allow
Core Networking - Teredo (UDP-In),In,Any,UDP,Teredo,Allow
Remote Service Management (NP-In),In,Any,TCP,445,Allow
File and Printer Sharing (Echo Request - ICMPv4-In),In,LocalSubnet,ICMPv4,All Ports,Allow
Network Discovery (NB-Name-In),In,LocalSubnet,UDP,137,Allow
iSCSI Service (TCP-In),In,Any,TCP,Any,Allow
Core Networking - DNS (UDP-Out),Out,Any,UDP,Any,Allow
Core Networking - Parameter Problem (ICMPv6-In),In,Any,ICMPv6,All Ports,Allow
File and Printer Sharing (NB-Session-In),In,LocalSubnet,TCP,139,Allow
Network Discovery (WSD-In),In,LocalSubnet,UDP,3702,Allow
Windows Peer to Peer Collaboration Foundation (WSD-Out),Out,LocalSubnet,UDP,Any,Allow
File and Printer Sharing (NB-Name-In),In,Any,UDP,137,Allow
Network Discovery (SSDP-In),In,LocalSubnet,UDP,1900,Allow
Windows Remote Management - Compatibility Mode (HTTP-In),In,LocalSubnet,TCP,80,Allow
Core Networking - Internet Group Management Protocol (IGMP-Out),Out,Any,2,All Ports,Allow
Remote Service Management (RPC-EPMAP),In,LocalSubnet,TCP,RPC-EPMap,Allow
Remote Service Management (RPC),In,LocalSubnet,TCP,RPC,Allow
Network Discovery (WSD EventsSecure-In),In,Any,TCP,5358,Allow
Microsoft Media Foundation Network Source IN [TCP 554],In,LocalSubnet,TCP,"554,8554-8558",Allow
Core Networking - IPHTTPS (TCP-Out),Out,Any,TCP,Any,Allow
Core Networking - Neighbor Discovery Advertisement (ICMPv6-In),In,Any,ICMPv6,All Ports,Allow
Windows Peer to Peer Collaboration Foundation (TCP-Out),Out,Any,TCP,Any,Allow
Core Networking - Router Advertisement (ICMPv6-Out),Out,"LocalSubnet,fe80::/64,ff02::1-ff02::1",ICMPv6,All Ports,Allow
Remote Assistance (RA Server TCP-Out),Out,Any,TCP,Any,Allow
File and Printer Sharing (Echo Request - ICMPv6-Out),Out,LocalSubnet,ICMPv6,All Ports,Allow
File and Printer Sharing (Spooler Service - RPC-EPMAP),In,LocalSubnet,TCP,RPC-EPMap,Allow
Wireless Display (UDP-Out),Out,Any,UDP,Any,Allow
Wireless Display (TCP-Out),Out,Any,TCP,Any,Allow
Network Discovery (LLMNR-UDP-Out),Out,LocalSubnet,UDP,Any,Allow
Network Discovery (Pub WSD-Out),Out,LocalSubnet,UDP,Any,Allow
Network Discovery (WSD Events-Out),Out,Any,TCP,Any,Allow
Windows Defender Firewall Remote Management (RPC),In,Any,TCP,RPC,Allow
Virtual Machine Monitoring (NB-Session-In),In,Any,TCP,139,Allow
Windows Management Instrumentation (ASync-In),In,Any,TCP,Any,Allow
Network Discovery (WSD Events-In),In,Any,TCP,5357,Allow
Remote Service Management (RPC-EPMAP),In,Any,TCP,RPC-EPMap,Allow
DIAL protocol server (HTTP-In),In,Any,TCP,10247,Allow
Network Discovery (UPnP-Out),Out,Any,TCP,Any,Allow
Windows Peer to Peer Collaboration Foundation (PNRP-In),In,Any,UDP,3540,Allow
Remote Assistance (PNRP-In),In,Any,UDP,3540,Allow
Remote Scheduled Tasks Management (RPC-EPMAP),In,Any,TCP,RPC-EPMap,Allow
Recommended Troubleshooting Client (HTTP/HTTPS Out),Out,Any,TCP,Any,Allow
Core Networking - Group Policy (LSASS-Out),Out,Any,TCP,Any,Allow
File and Printer Sharing (NB-Session-Out),Out,LocalSubnet,TCP,Any,Allow
Network Discovery (WSD EventsSecure-Out),Out,LocalSubnet,TCP,Any,Allow
Network Discovery (Pub-WSD-In),In,LocalSubnet,UDP,3702,Allow
Windows Collaboration Computer Name Registration Service (SSDP-Out),Out,LocalSubnet,UDP,Any,Allow
Wireless Display Infrastructure Back Channel (TCP-In),In,Any,TCP,7250,Allow
Windows Management Instrumentation (DCOM-In),In,LocalSubnet,TCP,135,Allow
Network Discovery (NB-Datagram-In),In,Any,UDP,138,Allow
Core Networking - Router Solicitation (ICMPv6-In),In,Any,ICMPv6,All Ports,Allow
Virtual Machine Monitoring (DCOM-In),In,Any,TCP,135,Allow
Windows Management Instrumentation (WMI-Out),Out,LocalSubnet,TCP,Any,Allow
TPM Virtual Smart Card Management (TCP-In),In,Any,TCP,Any,Allow
WFD ASP Coordination Protocol (UDP-Out),Out,LocalSubnet,UDP,7235,Allow
iSCSI Service (TCP-In),In,LocalSubnet,TCP,Any,Allow
Remote Volume Management - Virtual Disk Service (RPC),In,LocalSubnet,TCP,RPC,Allow
Core Networking - Teredo (UDP-Out),Out,Any,UDP,Any,Allow
Routing and Remote Access (PPTP-In),In,Any,TCP,1723,Allow
Remote Assistance (PNRP-In),In,Any,UDP,3540,Allow
Network Discovery (NB-Name-In),In,LocalSubnet,UDP,137,Allow
Core Networking - Multicast Listener Done (ICMPv6-Out),Out,LocalSubnet,ICMPv6,All Ports,Allow
Virtual Machine Monitoring (RPC),In,Any,TCP,RPC,Allow
Windows Device Management Certificate Installer (TCP out),Out,Any,TCP,49152-65535,Allow
Distributed Transaction Coordinator (TCP-Out),Out,Any,TCP,Any,Allow
File and Printer Sharing (NB-Name-In),In,LocalSubnet,UDP,137,Allow
Delivery Optimization (TCP-In),In,Any,TCP,7680,Allow
Windows Remote Management (HTTP-In),In,LocalSubnet,TCP,5985,Allow
Windows Defender Firewall Remote Management (RPC-EPMAP),In,LocalSubnet,TCP,RPC-EPMap,Allow
Performance Logs and Alerts (TCP-In),In,LocalSubnet,TCP,Any,Allow
File and Printer Sharing (NB-Datagram-In),In,Any,UDP,138,Allow
Windows Management Instrumentation (WMI-In),In,LocalSubnet,TCP,Any,Allow
mDNS (UDP-Out),Out,LocalSubnet,UDP,Any,Allow
Core Networking Diagnostics - ICMP Echo Request (ICMPv4-Out),Out,Any,ICMPv4,All Ports,Allow
Windows Management Instrumentation (ASync-In),In,LocalSubnet,TCP,Any,Allow
SNMP Trap Service (UDP In),In,Any,UDP,162,Allow
Windows Device Management Enrollment Service (TCP out),Out,Any,TCP,49152-65535,Allow
Network Discovery (UPnP-In),In,LocalSubnet,TCP,2869,Allow
Microsoft Media Foundation Network Source IN [UDP 5004-5009],In,LocalSubnet,UDP,5000-5020,Allow
Remote Event Monitor (RPC),In,Any,TCP,RPC,Allow
Core Networking Diagnostics - ICMP Echo Request (ICMPv6-Out),Out,LocalSubnet,ICMPv6,All Ports,Allow
Core Networking - Multicast Listener Report v2 (ICMPv6-Out),Out,LocalSubnet,ICMPv6,All Ports,Allow
Remote Event Log Management (RPC-EPMAP),In,Any,TCP,RPC-EPMap,Allow
Remote Assistance (RA Server TCP-In),In,Any,TCP,Any,Allow
Network Discovery (WSD EventsSecure-In),In,LocalSubnet,TCP,5358,Allow
Network Discovery (UPnP-Out),Out,LocalSubnet,TCP,Any,Allow
Remote Volume Management (RPC-EPMAP),In,LocalSubnet,TCP,RPC-EPMap,Allow
Remote Assistance (DCOM-In),In,Any,TCP,135,Allow
File and Printer Sharing (SMB-Out),Out,Any,TCP,Any,Allow
Network Discovery (WSD Events-In),In,LocalSubnet,TCP,5357,Allow
Remote Event Monitor (RPC-EPMAP),In,Any,TCP,RPC-EPMap,Allow
Core Networking - Neighbor Discovery Solicitation (ICMPv6-In),In,Any,ICMPv6,All Ports,Allow
Remote Assistance (SSDP TCP-Out),Out,LocalSubnet,TCP,Any,Allow
Remote Assistance (SSDP UDP-Out),Out,LocalSubnet,UDP,Any,Allow
Network Discovery (WSD-In),In,LocalSubnet,UDP,3702,Allow
Core Networking - Router Solicitation (ICMPv6-Out),Out,"LocalSubnet,fe80::/64,ff02::2-ff02::2",ICMPv6,All Ports,Allow
File and Printer Sharing (Echo Request - ICMPv4-Out),Out,Any,ICMPv4,All Ports,Allow
Remote Assistance (PNRP-Out),Out,Any,UDP,Any,Allow
Wi-Fi Direct Scan Service Use (In),In,Any,Any,All Ports,Allow
Distributed Transaction Coordinator (RPC-EPMAP),In,Any,TCP,RPC-EPMap,Allow
File and Printer Sharing (SMB-Out),Out,LocalSubnet,TCP,Any,Allow
File and Printer Sharing (NB-Name-Out),Out,Any,UDP,Any,Allow
Network Discovery (UPnPHost-Out),Out,LocalSubnet,TCP,Any,Allow
iSCSI Service (TCP-Out),Out,LocalSubnet,TCP,Any,Allow
Connected Devices Platform (TCP-Out),Out,Any,TCP,Any,Allow
Inbound Rule for Remote Shutdown (TCP-In),In,Any,TCP,RPC,Allow
Network Discovery for Teredo (SSDP-In),In,Any,UDP,Any,Allow
Distributed Transaction Coordinator (RPC),In,LocalSubnet,TCP,RPC,Allow
File and Printer Sharing (Echo Request - ICMPv4-Out),Out,LocalSubnet,ICMPv4,All Ports,Allow
Core Networking - Dynamic Host Configuration Protocol for IPv6(DHCPV6-In),In,Any,UDP,546,Allow
Network Discovery (WSD-In),In,LocalSubnet,UDP,3702,Allow
TPM Virtual Smart Card Management (DCOM-In),In,Any,TCP,135,Allow
Routing and Remote Access (GRE-In),In,Any,47,All Ports,Allow
File and Printer Sharing (Spooler Service - RPC),In,LocalSubnet,TCP,RPC,Allow
File and Printer Sharing (NB-Datagram-Out),Out,Any,UDP,Any,Allow
File and Printer Sharing (NB-Session-In),In,Any,TCP,139,Allow
Core Networking - Dynamic Host Configuration Protocol (DHCP-In),In,Any,UDP,68,Allow
Core Networking - Destination Unreachable Fragmentation Needed (ICMPv4-In),In,Any,ICMPv4,All Ports,Allow
Core Networking - Router Advertisement (ICMPv6-In),In,fe80::/64,ICMPv6,All Ports,Allow
Core Networking - Parameter Problem (ICMPv6-Out),Out,Any,ICMPv6,All Ports,Allow
Network Discovery (LLMNR-UDP-In),In,LocalSubnet,UDP,5355,Allow
Delivery Optimization (UDP-In),In,Any,UDP,7680,Allow
mDNS (UDP-Out),Out,Any,UDP,Any,Allow
SNMP Trap Service (UDP In),In,LocalSubnet,UDP,162,Allow
Remote Event Log Management (NP-In),In,LocalSubnet,TCP,445,Allow
Connected Devices Platform - Wi-Fi Direct Transport (TCP-Out),Out,Any,TCP,Any,Allow
Core Networking - IPv6 (IPv6-In),In,Any,41,All Ports,Allow
Remote Event Log Management (RPC),In,LocalSubnet,TCP,RPC,Allow
Network Discovery (NB-Datagram-Out),Out,LocalSubnet,UDP,Any,Allow
Network Discovery (NB-Name-Out),Out,LocalSubnet,UDP,Any,Allow
Windows Collaboration Computer Name Registration Service (PNRP-In),In,Any,UDP,3540,Allow
Windows Peer to Peer Collaboration Foundation (WSD-In),In,LocalSubnet,UDP,3702,Allow
File and Printer Sharing (Spooler Service - RPC),In,Any,TCP,RPC,Allow
File and Printer Sharing (Spooler Service - RPC-EPMAP),In,Any,TCP,RPC-EPMap,Allow
Connected Devices Platform (UDP-Out),Out,Any,UDP,Any,Allow
Core Networking - Packet Too Big (ICMPv6-Out),Out,Any,ICMPv6,All Ports,Allow
Routing and Remote Access (L2TP-Out),Out,Any,UDP,Any,Allow
Distributed Transaction Coordinator (TCP-Out),Out,LocalSubnet,TCP,Any,Allow
Remote Assistance (TCP-Out),Out,Any,TCP,Any,Allow
Network Discovery (WSD Events-Out),Out,LocalSubnet,TCP,Any,Allow
Network Discovery (SSDP-Out),Out,LocalSubnet,UDP,Any,Allow
Remote Scheduled Tasks Management (RPC),In,Any,TCP,RPC,Allow
Wi-Fi Direct Spooler Use (In),In,Any,Any,All Ports,Allow
Remote Event Log Management (NP-In),In,Any,TCP,445,Allow
Remote Assistance (TCP-Out),Out,Any,TCP,Any,Allow
Network Discovery (UPnP-Out),Out,LocalSubnet,TCP,Any,Allow
Wi-Fi Direct Spooler Use (Out),Out,Any,Any,All Ports,Allow
