Rule Name,Direction,Remote IP,Protocol,Action,Local Port
WhatsApp,In,Any,Any,Allow,All Ports
WhatsApp,Out,Any,Any,Allow,All Ports
Microsoft Teams,In,Any,UDP,Allow,Any
Microsoft Teams,In,Any,TCP,Allow,Any
Google Chrome (mDNS-In),In,Any,UDP,Allow,5353
Microsoft Edge (mDNS-In),In,Any,UDP,Allow,5353
HP Smart,In,Any,Any,Allow,All Ports
HP Smart,Out,Any,Any,Allow,All Ports
Microsoft 365 Copilot,Out,Any,Any,Allow,All Ports
Game Bar,In,Any,Any,Allow,All Ports
Game Bar,Out,Any,Any,Allow,All Ports
@{Clipchamp.Clipchamp_4.0.10820.0_x64__yxz26nhyzhsrt?ms-resource://Clipchamp.Clipchamp/Resources/Clipchamp/AppName},Out,Any,Any,Allow,All Ports
@{Microsoft.ZuneMusic_11.2501.9.0_x64__8wekyb3d8bbwe?ms-resource://Microsoft.ZuneMusic/Resources/AppStoreName},In,Any,Any,Allow,All Ports
@{Microsoft.ZuneMusic_11.2501.9.0_x64__8wekyb3d8bbwe?ms-resource://Microsoft.ZuneMusic/Resources/AppStoreName},Out,Any,Any,Allow,All Ports
@{Microsoft.WindowsCalculator_11.2501.1.0_x64__8wekyb3d8bbwe?ms-resource://Microsoft.WindowsCalculator/Resources/AppStoreName},Out,Any,Any,Allow,All Ports
@{Microsoft.DesktopAppInstaller_1.25.340.0_x64__8wekyb3d8bbwe?ms-resource://Microsoft.DesktopAppInstaller/Resources/appDisplayName},In,Any,Any,Allow,All Ports
@{Microsoft.DesktopAppInstaller_1.25.340.0_x64__8wekyb3d8bbwe?ms-resource://Microsoft.DesktopAppInstaller/Resources/appDisplayName},Out,Any,Any,Allow,All Ports
Microsoft Store,In,Any,Any,Allow,All Ports
Microsoft Store,Out,Any,Any,Allow,All Ports
Microsoft Edge (mDNS-In),In,Any,UDP,Allow,5353
@{Microsoft.WindowsAlarms_11.2501.7.0_x64__8wekyb3d8bbwe?ms-resource://Microsoft.WindowsAlarms/Resources/AppStoreName},In,Any,Any,Allow,All Ports
@{Microsoft.WindowsAlarms_11.2501.7.0_x64__8wekyb3d8bbwe?ms-resource://Microsoft.WindowsAlarms/Resources/AppStoreName},Out,Any,Any,Allow,All Ports
Xbox,In,Any,Any,Allow,All Ports
Xbox,Out,Any,Any,Allow,All Ports
Microsoft Edge (mDNS-In),In,Any,UDP,Allow,5353
@{Microsoft.ZuneVideo_10.25011.10061.0_x64__8wekyb3d8bbwe?ms-resource://Microsoft.ZuneVideo/resources/IDS_MANIFEST_VIDEO_APP_NAME},In,Any,Any,Allow,All Ports
@{Microsoft.ZuneVideo_10.25011.10061.0_x64__8wekyb3d8bbwe?ms-resource://Microsoft.ZuneVideo/resources/IDS_MANIFEST_VIDEO_APP_NAME},Out,Any,Any,Allow,All Ports
@{Microsoft.WindowsCamera_2025.2501.1.0_x64__8wekyb3d8bbwe?ms-resource://Microsoft.WindowsCamera/LensSDK/Resources/AppStoreName},In,Any,Any,Allow,All Ports
@{Microsoft.WindowsCamera_2025.2501.1.0_x64__8wekyb3d8bbwe?ms-resource://Microsoft.WindowsCamera/LensSDK/Resources/AppStoreName},Out,Any,Any,Allow,All Ports
Microsoft Teams,In,Any,UDP,Allow,Any
Microsoft Teams,In,Any,TCP,Allow,Any
@{Microsoft.Windows.OOBENetworkCaptivePortal_10.0.21302.1000_neutral__cw5n1h2txyewy?ms-resource://Microsoft.Windows.OOBENetworkCaptivePortal/Resources/AppDisplayName},Out,Any,Any,Allow,All Ports
@{MicrosoftWindows.LKG.TwinSxS_1000.22621.4746.0_x64__cw5n1h2txyewy?ms-resource://MicrosoftWindows.LKG.TwinSxS/resources/ProductPkgDisplayName},Out,Any,Any,Allow,All Ports
@{MicrosoftWindows.LKG.SpeechRuntime_1000.22621.4746.0_x64__cw5n1h2txyewy?ms-resource://MicrosoftWindows.LKG.SpeechRuntime/resources/ProductPkgDisplayName},Out,Any,Any,Allow,All Ports
@{MicrosoftWindows.LKG.RulesEngine_1000.22621.4746.0_x64__cw5n1h2txyewy?ms-resource://MicrosoftWindows.LKG.RulesEngine/resources/ProductPkgDisplayName},Out,Any,Any,Allow,All Ports
@{MicrosoftWindows.LKG.IrisService_1000.22621.4746.0_x64__cw5n1h2txyewy?ms-resource://MicrosoftWindows.LKG.IrisService/resources/ProductPkgDisplayName},Out,Any,Any,Allow,All Ports
@{MicrosoftWindows.LKG.DesktopSpotlight_1000.22621.4746.0_x64__cw5n1h2txyewy?ms-resource://MicrosoftWindows.LKG.DesktopSpotlight/resources/ProductPkgDisplayName},In,Any,Any,Allow,All Ports
@{MicrosoftWindows.LKG.DesktopSpotlight_1000.22621.4746.0_x64__cw5n1h2txyewy?ms-resource://MicrosoftWindows.LKG.DesktopSpotlight/resources/ProductPkgDisplayName},Out,Any,Any,Allow,All Ports
@{MicrosoftWindows.LKG.AccountsService_1000.22621.4746.0_x64__cw5n1h2txyewy?ms-resource://MicrosoftWindows.LKG.AccountsService/resources/ProductPkgDisplayName},Out,Any,Any,Allow,All Ports
@{Microsoft.Windows.OOBENetworkCaptivePortal_10.0.21302.1000_neutral__cw5n1h2txyewy?ms-resource://Microsoft.Windows.OOBENetworkCaptivePortal/Resources/AppDisplayName},Out,Any,Any,Allow,All Ports
Widgets Platform Runtime,Out,Any,Any,Allow,All Ports
Windows Web Experience Pack,Out,Any,Any,Allow,All Ports
@{Microsoft.WindowsTerminal_1.21.10351.0_x64__8wekyb3d8bbwe?ms-resource://Microsoft.WindowsTerminal/Resources/AppStoreName},Out,Any,Any,Allow,All Ports
@{microsoft.windowscommunicationsapps_16005.14326.22301.0_x64__8wekyb3d8bbwe?ms-resource://microsoft.windowscommunicationsapps/hxoutlookintl/AppManifest_OutlookDesktop_DisplayName},In,Any,Any,Allow,All Ports
@{microsoft.windowscommunicationsapps_16005.14326.22301.0_x64__8wekyb3d8bbwe?ms-resource://microsoft.windowscommunicationsapps/hxoutlookintl/AppManifest_OutlookDesktop_DisplayName},Out,Any,Any,Allow,All Ports
@{Microsoft.BingWeather_4.54.63007.0_x64__8wekyb3d8bbwe?ms-resource://Microsoft.BingWeather/Resources/ApplicationTitleWithBranding},In,Any,Any,Allow,All Ports
@{Microsoft.BingWeather_4.54.63007.0_x64__8wekyb3d8bbwe?ms-resource://Microsoft.BingWeather/Resources/ApplicationTitleWithBranding},Out,Any,Any,Allow,All Ports
@{Microsoft.StorePurchaseApp_22411.1401.1.0_x64__8wekyb3d8bbwe?ms-resource://Microsoft.StorePurchaseApp/Resources/DisplayTitle},In,Any,Any,Allow,All Ports
@{Microsoft.StorePurchaseApp_22411.1401.1.0_x64__8wekyb3d8bbwe?ms-resource://Microsoft.StorePurchaseApp/Resources/DisplayTitle},Out,Any,Any,Allow,All Ports
Microsoft Teams (personal),In,Any,UDP,Allow,Any
Microsoft Teams (personal),In,Any,TCP,Allow,Any
duolingo english test.exe,In,Any,UDP,Allow,Any
duolingo english test.exe,In,Any,TCP,Allow,Any
Solitaire & Casual Games,In,Any,Any,Allow,All Ports
Solitaire & Casual Games,Out,Any,Any,Allow,All Ports
@{Microsoft.OneConnect_5.2411.7018.0_x64__8wekyb3d8bbwe?ms-resource://Microsoft.OneConnect/OneConnectStrings/OneConnect/AppStoreName},In,Any,Any,Allow,All Ports
@{Microsoft.OneConnect_5.2411.7018.0_x64__8wekyb3d8bbwe?ms-resource://Microsoft.OneConnect/OneConnectStrings/OneConnect/AppStoreName},Out,Any,Any,Allow,All Ports
@{Microsoft.SecHealthUI_1000.27703.1006.0_x64__8wekyb3d8bbwe?ms-resource://Microsoft.SecHealthUI/resources/PackageDisplayName},In,Any,Any,Allow,All Ports
@{Microsoft.SecHealthUI_1000.27703.1006.0_x64__8wekyb3d8bbwe?ms-resource://Microsoft.SecHealthUI/resources/PackageDisplayName},Out,Any,Any,Allow,All Ports
Prime Video for Windows,Out,Any,Any,Allow,All Ports
@{Microsoft.Getstarted_10.2312.1.0_x64__8wekyb3d8bbwe?ms-resource://Microsoft.Getstarted/Resources/AppStoreName},Out,Any,Any,Allow,All Ports
@{MicrosoftWindows.Client.CBS_1000.22700.1055.0_x64__cw5n1h2txyewy?ms-resource://MicrosoftWindows.Client.CBS/resources/ProductPkgDisplayName},In,Any,Any,Allow,All Ports
@{MicrosoftWindows.Client.CBS_1000.22700.1055.0_x64__cw5n1h2txyewy?ms-resource://MicrosoftWindows.Client.CBS/resources/ProductPkgDisplayName},Out,Any,Any,Allow,All Ports
@{Microsoft.Windows.OOBENetworkCaptivePortal_10.0.21302.1000_neutral__cw5n1h2txyewy?ms-resource://Microsoft.Windows.OOBENetworkCaptivePortal/Resources/AppDisplayName},Out,Any,Any,Allow,All Ports
@{Microsoft.OneConnect_5.2411.7018.0_x64__8wekyb3d8bbwe?ms-resource://Microsoft.OneConnect/OneConnectStrings/OneConnect/AppStoreName},In,Any,Any,Allow,All Ports
@{Microsoft.OneConnect_5.2411.7018.0_x64__8wekyb3d8bbwe?ms-resource://Microsoft.OneConnect/OneConnectStrings/OneConnect/AppStoreName},Out,Any,Any,Allow,All Ports
Visual Studio Code,In,Any,UDP,Allow,Any
Visual Studio Code,In,Any,TCP,Allow,Any
@{Microsoft.WindowsFeedbackHub_1.2411.17101.0_x64__8wekyb3d8bbwe?ms-resource://Microsoft.WindowsFeedbackHub/Resources/AppStoreName},In,Any,Any,Allow,All Ports
@{Microsoft.WindowsFeedbackHub_1.2411.17101.0_x64__8wekyb3d8bbwe?ms-resource://Microsoft.WindowsFeedbackHub/Resources/AppStoreName},Out,Any,Any,Allow,All Ports
@{MicrosoftWindows.Client.Core_1000.22700.1012.0_x64__cw5n1h2txyewy?ms-resource://MicrosoftWindows.Client.Core/resources/ProductPkgDisplayName},In,Any,Any,Allow,All Ports
@{MicrosoftWindows.Client.Core_1000.22700.1012.0_x64__cw5n1h2txyewy?ms-resource://MicrosoftWindows.Client.Core/resources/ProductPkgDisplayName},Out,Any,Any,Allow,All Ports
@{MicrosoftWindows.Client.Core_1000.22700.1012.0_x64__cw5n1h2txyewy?ms-resource://MicrosoftWindows.Client.Core/resources/ProductPkgDisplayName},In,Any,Any,Allow,All Ports
@{MicrosoftWindows.Client.Core_1000.22700.1012.0_x64__cw5n1h2txyewy?ms-resource://MicrosoftWindows.Client.Core/resources/ProductPkgDisplayName},Out,Any,Any,Allow,All Ports
@{Microsoft.Windows.OOBENetworkCaptivePortal_10.0.21302.1000_neutral__cw5n1h2txyewy?ms-resource://Microsoft.Windows.OOBENetworkCaptivePortal/Resources/AppDisplayName},Out,Any,Any,Allow,All Ports
Visual Studio Code,In,Any,UDP,Allow,Any
Visual Studio Code,In,Any,TCP,Allow,Any
@{AppUp.IntelGraphicsExperience_1.100.5688.0_x64__8j3eq9eme6ctt?ms-resource://AppUp.IntelGraphicsExperience/Resources/System_Item_Title_IntelGraphicsControlPanel},Out,Any,Any,Allow,All Ports
@{Microsoft.GetHelp_10.2409.22951.0_x64__8wekyb3d8bbwe?ms-resource://Microsoft.GetHelp/Resources/appDisplayName},Out,Any,Any,Allow,All Ports
Skype,Out,Any,UDP,Allow,Any
Skype,In,Any,UDP,Allow,Any
Skype,Out,Any,TCP,Allow,Any
Skype,In,Any,TCP,Allow,Any
@{SpotifyAB.SpotifyMusic_1.249.439.0_x64__zpdnekdrzrea0?ms-resource://SpotifyAB.SpotifyMusic/Resources/AppTitle},Out,Any,Any,Allow,All Ports
@{Microsoft.Windows.StartMenuExperienceHost_10.0.22621.4249_neutral_neutral_cw5n1h2txyewy?ms-resource://Microsoft.Windows.StartMenuExperienceHost/StartMenuExperienceHost/PkgDisplayName},In,Any,Any,Allow,All Ports
@{Microsoft.Windows.StartMenuExperienceHost_10.0.22621.4249_neutral_neutral_cw5n1h2txyewy?ms-resource://Microsoft.Windows.StartMenuExperienceHost/StartMenuExperienceHost/PkgDisplayName},Out,Any,Any,Allow,All Ports
@{Microsoft.Windows.OOBENetworkCaptivePortal_10.0.21302.1000_neutral__cw5n1h2txyewy?ms-resource://Microsoft.Windows.OOBENetworkCaptivePortal/Resources/AppDisplayName},Out,Any,Any,Allow,All Ports
@{Microsoft.WindowsSoundRecorder_11.2408.6.0_x64__8wekyb3d8bbwe?ms-resource://Microsoft.WindowsSoundRecorder/Resources/AppStoreName},Out,Any,Any,Allow,All Ports
@{Microsoft.Windows.OOBENetworkCaptivePortal_10.0.21302.1000_neutral__cw5n1h2txyewy?ms-resource://Microsoft.Windows.OOBENetworkCaptivePortal/Resources/AppDisplayName},Out,Any,Any,Allow,All Ports
@{Microsoft.Windows.OOBENetworkCaptivePortal_10.0.21302.1000_neutral__cw5n1h2txyewy?ms-resource://Microsoft.Windows.OOBENetworkCaptivePortal/Resources/AppDisplayName},Out,Any,Any,Allow,All Ports
@{Microsoft.Windows.OOBENetworkCaptivePortal_10.0.21302.1000_neutral__cw5n1h2txyewy?ms-resource://Microsoft.Windows.OOBENetworkCaptivePortal/Resources/AppDisplayName},Out,Any,Any,Allow,All Ports
@{MicrosoftWindows.Client.LKG_1000.22621.3880.0_x64__cw5n1h2txyewy?ms-resource://MicrosoftWindows.Client.LKG/resources/ProductPkgDisplayName},In,Any,Any,Allow,All Ports
@{MicrosoftWindows.Client.LKG_1000.22621.3880.0_x64__cw5n1h2txyewy?ms-resource://MicrosoftWindows.Client.LKG/resources/ProductPkgDisplayName},Out,Any,Any,Allow,All Ports
@{Microsoft.Windows.OOBENetworkCaptivePortal_10.0.21302.1000_neutral__cw5n1h2txyewy?ms-resource://Microsoft.Windows.OOBENetworkCaptivePortal/Resources/AppDisplayName},Out,Any,Any,Allow,All Ports
@{Microsoft.XboxIdentityProvider_12.115.1001.0_x64__8wekyb3d8bbwe?ms-resource://Microsoft.XboxIdentityProvider/Resources/DisplayName},Out,Any,Any,Allow,All Ports
@{Microsoft.Windows.OOBENetworkCaptivePortal_10.0.21302.1000_neutral__cw5n1h2txyewy?ms-resource://Microsoft.Windows.OOBENetworkCaptivePortal/Resources/AppDisplayName},Out,Any,Any,Allow,All Ports
@{MicrosoftWindows.Client.FileExp_1000.22700.1000.0_x64__cw5n1h2txyewy?ms-resource://MicrosoftWindows.Client.FileExp/resources/ProductPkgDisplayName},Out,Any,Any,Allow,All Ports
@{Microsoft.Windows.OOBENetworkCaptivePortal_10.0.21302.1000_neutral__cw5n1h2txyewy?ms-resource://Microsoft.Windows.OOBENetworkCaptivePortal/Resources/AppDisplayName},Out,Any,Any,Allow,All Ports
@{Microsoft.Windows.OOBENetworkCaptivePortal_10.0.21302.1000_neutral__cw5n1h2txyewy?ms-resource://Microsoft.Windows.OOBENetworkCaptivePortal/Resources/AppDisplayName},Out,Any,Any,Allow,All Ports
@{Microsoft.Windows.OOBENetworkCaptivePortal_10.0.21302.1000_neutral__cw5n1h2txyewy?ms-resource://Microsoft.Windows.OOBENetworkCaptivePortal/Resources/AppDisplayName},Out,Any,Any,Allow,All Ports
python.exe,In,Any,UDP,Allow,Any
python.exe,In,Any,TCP,Allow,Any
packettracer6,In,Any,UDP,Allow,Any
packettracer6,In,Any,TCP,Allow,Any
FileZilla Server,In,Any,UDP,Allow,Any
FileZilla Server,In,Any,TCP,Allow,Any
@{Microsoft.Todos_0.114.7122.0_x64__8wekyb3d8bbwe?ms-resource://Microsoft.Todos/Resources/app_name_ms_todo},In,Any,Any,Allow,All Ports
@{Microsoft.Todos_0.114.7122.0_x64__8wekyb3d8bbwe?ms-resource://Microsoft.Todos/Resources/app_name_ms_todo},Out,Any,Any,Allow,All Ports
@{Microsoft.Windows.OOBENetworkCaptivePortal_10.0.21302.1000_neutral__cw5n1h2txyewy?ms-resource://Microsoft.Windows.OOBENetworkCaptivePortal/Resources/AppDisplayName},Out,Any,Any,Allow,All Ports
@{Microsoft.Windows.OOBENetworkCaptivePortal_10.0.21302.1000_neutral__cw5n1h2txyewy?ms-resource://Microsoft.Windows.OOBENetworkCaptivePortal/Resources/AppDisplayName},Out,Any,Any,Allow,All Ports
@{Microsoft.Windows.OOBENetworkCaptivePortal_10.0.21302.1000_neutral__cw5n1h2txyewy?ms-resource://Microsoft.Windows.OOBENetworkCaptivePortal/Resources/AppDisplayName},Out,Any,Any,Allow,All Ports
@{Microsoft.Windows.OOBENetworkCaptivePortal_10.0.21302.1000_neutral__cw5n1h2txyewy?ms-resource://Microsoft.Windows.OOBENetworkCaptivePortal/Resources/AppDisplayName},Out,Any,Any,Allow,All Ports
@{Microsoft.People_10.2202.100.0_x64__8wekyb3d8bbwe?ms-resource://Microsoft.People/Resources/AppStoreName},Out,Any,Any,Allow,All Ports
@{Microsoft.LockApp_10.0.22621.3235_neutral__cw5n1h2txyewy?ms-resource://Microsoft.LockApp/resources/AppDisplayName},Out,Any,Any,Allow,All Ports
@{Microsoft.Windows.OOBENetworkCaptivePortal_10.0.21302.1000_neutral__cw5n1h2txyewy?ms-resource://Microsoft.Windows.OOBENetworkCaptivePortal/Resources/AppDisplayName},Out,Any,Any,Allow,All Ports
@{Microsoft.Windows.OOBENetworkCaptivePortal_10.0.21302.1000_neutral__cw5n1h2txyewy?ms-resource://Microsoft.Windows.OOBENetworkCaptivePortal/Resources/AppDisplayName},Out,Any,Any,Allow,All Ports
@{Microsoft.Windows.OOBENetworkCaptivePortal_10.0.21302.1000_neutral__cw5n1h2txyewy?ms-resource://Microsoft.Windows.OOBENetworkCaptivePortal/Resources/AppDisplayName},Out,Any,Any,Allow,All Ports
@{Microsoft.Windows.OOBENetworkCaptivePortal_10.0.21302.1000_neutral__cw5n1h2txyewy?ms-resource://Microsoft.Windows.OOBENetworkCaptivePortal/Resources/AppDisplayName},Out,Any,Any,Allow,All Ports
@{Microsoft.Windows.OOBENetworkCaptivePortal_10.0.21302.1000_neutral__cw5n1h2txyewy?ms-resource://Microsoft.Windows.OOBENetworkCaptivePortal/Resources/AppDisplayName},Out,Any,Any,Allow,All Ports
@{Microsoft.Windows.OOBENetworkCaptivePortal_10.0.21302.1000_neutral__cw5n1h2txyewy?ms-resource://Microsoft.Windows.OOBENetworkCaptivePortal/Resources/AppDisplayName},Out,Any,Any,Allow,All Ports
Intelr OptaneT Memory and Storage Management,Out,Any,Any,Allow,All Ports
@{Microsoft.Messaging_5.1901.60431.0_x64__8wekyb3d8bbwe?ms-resource://Microsoft.Messaging/Resources/AppStoreName},In,Any,Any,Allow,All Ports
@{Microsoft.Messaging_5.1901.60431.0_x64__8wekyb3d8bbwe?ms-resource://Microsoft.Messaging/Resources/AppStoreName},Out,Any,Any,Allow,All Ports
@{Microsoft.Windows.OOBENetworkCaptivePortal_10.0.21302.1000_neutral__cw5n1h2txyewy?ms-resource://Microsoft.Windows.OOBENetworkCaptivePortal/Resources/AppDisplayName},Out,Any,Any,Allow,All Ports
@{Microsoft.Windows.OOBENetworkCaptivePortal_10.0.21302.1000_neutral__cw5n1h2txyewy?ms-resource://Microsoft.Windows.OOBENetworkCaptivePortal/Resources/AppDisplayName},Out,Any,Any,Allow,All Ports
@{Microsoft.Windows.OOBENetworkCaptivePortal_10.0.21302.1000_neutral__cw5n1h2txyewy?ms-resource://Microsoft.Windows.OOBENetworkCaptivePortal/Resources/AppDisplayName},Out,Any,Any,Allow,All Ports
@{Microsoft.Windows.OOBENetworkCaptivePortal_10.0.21302.1000_neutral__cw5n1h2txyewy?ms-resource://Microsoft.Windows.OOBENetworkCaptivePortal/Resources/AppDisplayName},Out,Any,Any,Allow,All Ports
@{Microsoft.Windows.OOBENetworkCaptivePortal_10.0.21302.1000_neutral__cw5n1h2txyewy?ms-resource://Microsoft.Windows.OOBENetworkCaptivePortal/Resources/AppDisplayName},Out,Any,Any,Allow,All Ports
@{Microsoft.Windows.OOBENetworkCaptivePortal_10.0.21302.1000_neutral__cw5n1h2txyewy?ms-resource://Microsoft.Windows.OOBENetworkCaptivePortal/Resources/AppDisplayName},Out,Any,Any,Allow,All Ports
Packet Tracer Executable,In,Any,UDP,Allow,Any
Packet Tracer Executable,In,Any,TCP,Allow,Any
@{Microsoft.Windows.OOBENetworkCaptivePortal_10.0.21302.1000_neutral__cw5n1h2txyewy?ms-resource://Microsoft.Windows.OOBENetworkCaptivePortal/Resources/AppDisplayName},Out,Any,Any,Allow,All Ports
@{Microsoft.Windows.OOBENetworkCaptivePortal_10.0.21302.1000_neutral__cw5n1h2txyewy?ms-resource://Microsoft.Windows.OOBENetworkCaptivePortal/Resources/AppDisplayName},Out,Any,Any,Allow,All Ports
@{Microsoft.Windows.OOBENetworkCaptivePortal_10.0.21302.1000_neutral__cw5n1h2txyewy?ms-resource://Microsoft.Windows.OOBENetworkCaptivePortal/Resources/AppDisplayName},Out,Any,Any,Allow,All Ports
@{Microsoft.Windows.OOBENetworkCaptivePortal_10.0.21302.1000_neutral__cw5n1h2txyewy?ms-resource://Microsoft.Windows.OOBENetworkCaptivePortal/Resources/AppDisplayName},Out,Any,Any,Allow,All Ports
@{Microsoft.Windows.OOBENetworkCaptivePortal_10.0.21302.1000_neutral__cw5n1h2txyewy?ms-resource://Microsoft.Windows.OOBENetworkCaptivePortal/Resources/AppDisplayName},Out,Any,Any,Allow,All Ports
@{Microsoft.Windows.OOBENetworkCaptivePortal_10.0.21302.1000_neutral__cw5n1h2txyewy?ms-resource://Microsoft.Windows.OOBENetworkCaptivePortal/Resources/AppDisplayName},Out,Any,Any,Allow,All Ports
@{Microsoft.Windows.OOBENetworkCaptivePortal_10.0.21302.1000_neutral__cw5n1h2txyewy?ms-resource://Microsoft.Windows.OOBENetworkCaptivePortal/Resources/AppDisplayName},Out,Any,Any,Allow,All Ports
@{Microsoft.Windows.OOBENetworkCaptivePortal_10.0.21302.1000_neutral__cw5n1h2txyewy?ms-resource://Microsoft.Windows.OOBENetworkCaptivePortal/Resources/AppDisplayName},Out,Any,Any,Allow,All Ports
@{Microsoft.Windows.SecureAssessmentBrowser_10.0.22621.2506_neutral_neutral_cw5n1h2txyewy?ms-resource://Microsoft.Windows.SecureAssessmentBrowser/Resources/PackageDisplayName},Out,Any,Any,Allow,All Ports
@{Microsoft.Windows.ContentDeliveryManager_10.0.22621.2506_neutral_neutral_cw5n1h2txyewy?ms-resource://Microsoft.Windows.ContentDeliveryManager/resources/AppDisplayName},Out,Any,Any,Allow,All Ports
@{Microsoft.Windows.CloudExperienceHost_10.0.22621.2506_neutral_neutral_cw5n1h2txyewy?ms-resource://Microsoft.Windows.CloudExperienceHost/resources/appDescription},In,Any,Any,Allow,All Ports
@{Microsoft.Windows.CloudExperienceHost_10.0.22621.2506_neutral_neutral_cw5n1h2txyewy?ms-resource://Microsoft.Windows.CloudExperienceHost/resources/appDescription},Out,Any,Any,Allow,All Ports
@{Microsoft.Windows.OOBENetworkCaptivePortal_10.0.21302.1000_neutral__cw5n1h2txyewy?ms-resource://Microsoft.Windows.OOBENetworkCaptivePortal/Resources/AppDisplayName},Out,Any,Any,Allow,All Ports
@{Microsoft.Windows.OOBENetworkCaptivePortal_10.0.21302.1000_neutral__cw5n1h2txyewy?ms-resource://Microsoft.Windows.OOBENetworkCaptivePortal/Resources/AppDisplayName},Out,Any,Any,Allow,All Ports
@{Microsoft.Windows.OOBENetworkCaptivePortal_10.0.21302.1000_neutral__cw5n1h2txyewy?ms-resource://Microsoft.Windows.OOBENetworkCaptivePortal/Resources/AppDisplayName},Out,Any,Any,Allow,All Ports
@{Microsoft.Windows.OOBENetworkCaptivePortal_10.0.21302.1000_neutral__cw5n1h2txyewy?ms-resource://Microsoft.Windows.OOBENetworkCaptivePortal/Resources/AppDisplayName},Out,Any,Any,Allow,All Ports
@{Microsoft.Windows.OOBENetworkCaptivePortal_10.0.21302.1000_neutral__cw5n1h2txyewy?ms-resource://Microsoft.Windows.OOBENetworkCaptivePortal/Resources/AppDisplayName},Out,Any,Any,Allow,All Ports
@{Microsoft.Windows.OOBENetworkCaptivePortal_10.0.21302.1000_neutral__cw5n1h2txyewy?ms-resource://Microsoft.Windows.OOBENetworkCaptivePortal/Resources/AppDisplayName},Out,Any,Any,Allow,All Ports
@{Microsoft.Windows.OOBENetworkCaptivePortal_10.0.21302.1000_neutral__cw5n1h2txyewy?ms-resource://Microsoft.Windows.OOBENetworkCaptivePortal/Resources/AppDisplayName},Out,Any,Any,Allow,All Ports
@{Microsoft.Windows.OOBENetworkCaptivePortal_10.0.21302.1000_neutral__cw5n1h2txyewy?ms-resource://Microsoft.Windows.OOBENetworkCaptivePortal/Resources/AppDisplayName},Out,Any,Any,Allow,All Ports
@{Microsoft.Windows.OOBENetworkCaptivePortal_10.0.21302.1000_neutral__cw5n1h2txyewy?ms-resource://Microsoft.Windows.OOBENetworkCaptivePortal/Resources/AppDisplayName},Out,Any,Any,Allow,All Ports
@{Microsoft.Windows.OOBENetworkCaptivePortal_10.0.21302.1000_neutral__cw5n1h2txyewy?ms-resource://Microsoft.Windows.OOBENetworkCaptivePortal/Resources/AppDisplayName},Out,Any,Any,Allow,All Ports
@{Microsoft.Windows.OOBENetworkCaptivePortal_10.0.21302.1000_neutral__cw5n1h2txyewy?ms-resource://Microsoft.Windows.OOBENetworkCaptivePortal/Resources/AppDisplayName},Out,Any,Any,Allow,All Ports
@{Microsoft.Windows.OOBENetworkCaptivePortal_10.0.21302.1000_neutral__cw5n1h2txyewy?ms-resource://Microsoft.Windows.OOBENetworkCaptivePortal/Resources/AppDisplayName},Out,Any,Any,Allow,All Ports
mysqld,In,Any,UDP,Allow,Any
mysqld,In,Any,TCP,Allow,Any
@{Microsoft.Windows.OOBENetworkCaptivePortal_10.0.21302.1000_neutral__cw5n1h2txyewy?ms-resource://Microsoft.Windows.OOBENetworkCaptivePortal/Resources/AppDisplayName},Out,Any,Any,Allow,All Ports
@{Microsoft.Windows.OOBENetworkCaptivePortal_10.0.21302.1000_neutral__cw5n1h2txyewy?ms-resource://Microsoft.Windows.OOBENetworkCaptivePortal/Resources/AppDisplayName},Out,Any,Any,Allow,All Ports
@{Microsoft.Windows.OOBENetworkCaptivePortal_10.0.21302.1000_neutral__cw5n1h2txyewy?ms-resource://Microsoft.Windows.OOBENetworkCaptivePortal/Resources/AppDisplayName},Out,Any,Any,Allow,All Ports
@{Microsoft.Windows.OOBENetworkCaptivePortal_10.0.21302.1000_neutral__cw5n1h2txyewy?ms-resource://Microsoft.Windows.OOBENetworkCaptivePortal/Resources/AppDisplayName},Out,Any,Any,Allow,All Ports
@{Microsoft.Windows.OOBENetworkCaptivePortal_10.0.21302.1000_neutral__cw5n1h2txyewy?ms-resource://Microsoft.Windows.OOBENetworkCaptivePortal/Resources/AppDisplayName},Out,Any,Any,Allow,All Ports
@{Microsoft.Windows.OOBENetworkCaptivePortal_10.0.21302.1000_neutral__cw5n1h2txyewy?ms-resource://Microsoft.Windows.OOBENetworkCaptivePortal/Resources/AppDisplayName},Out,Any,Any,Allow,All Ports
@{Microsoft.Windows.OOBENetworkCaptivePortal_10.0.21302.1000_neutral__cw5n1h2txyewy?ms-resource://Microsoft.Windows.OOBENetworkCaptivePortal/Resources/AppDisplayName},Out,Any,Any,Allow,All Ports
Apache HTTP Server,In,Any,UDP,Allow,Any
Apache HTTP Server,In,Any,TCP,Allow,Any
@{Microsoft.Windows.OOBENetworkCaptivePortal_10.0.21302.1000_neutral__cw5n1h2txyewy?ms-resource://Microsoft.Windows.OOBENetworkCaptivePortal/Resources/AppDisplayName},Out,Any,Any,Allow,All Ports
@{Microsoft.Windows.OOBENetworkCaptivePortal_10.0.21302.1000_neutral__cw5n1h2txyewy?ms-resource://Microsoft.Windows.OOBENetworkCaptivePortal/Resources/AppDisplayName},Out,Any,Any,Allow,All Ports
@{Microsoft.Windows.OOBENetworkCaptivePortal_10.0.21302.1000_neutral__cw5n1h2txyewy?ms-resource://Microsoft.Windows.OOBENetworkCaptivePortal/Resources/AppDisplayName},Out,Any,Any,Allow,All Ports
@{Microsoft.Windows.OOBENetworkCaptivePortal_10.0.21302.1000_neutral__cw5n1h2txyewy?ms-resource://Microsoft.Windows.OOBENetworkCaptivePortal/Resources/AppDisplayName},Out,Any,Any,Allow,All Ports
@{Microsoft.Windows.OOBENetworkCaptivePortal_10.0.21302.1000_neutral__cw5n1h2txyewy?ms-resource://Microsoft.Windows.OOBENetworkCaptivePortal/Resources/AppDisplayName},Out,Any,Any,Allow,All Ports
@{Microsoft.Windows.OOBENetworkCaptivePortal_10.0.21302.1000_neutral__cw5n1h2txyewy?ms-resource://Microsoft.Windows.OOBENetworkCaptivePortal/Resources/AppDisplayName},Out,Any,Any,Allow,All Ports
@{Microsoft.Windows.OOBENetworkCaptivePortal_10.0.21302.1000_neutral__cw5n1h2txyewy?ms-resource://Microsoft.Windows.OOBENetworkCaptivePortal/Resources/AppDisplayName},Out,Any,Any,Allow,All Ports
@{Microsoft.Windows.OOBENetworkCaptivePortal_10.0.21302.1000_neutral__cw5n1h2txyewy?ms-resource://Microsoft.Windows.OOBENetworkCaptivePortal/Resources/AppDisplayName},Out,Any,Any,Allow,All Ports
@{Microsoft.Windows.OOBENetworkCaptivePortal_10.0.21302.1000_neutral__cw5n1h2txyewy?ms-resource://Microsoft.Windows.OOBENetworkCaptivePortal/Resources/AppDisplayName},Out,Any,Any,Allow,All Ports
@{Microsoft.XboxApp_48.104.4001.0_x64__8wekyb3d8bbwe?ms-resource://Microsoft.XboxApp/XboxApp.Resource/Resources/App_Title},Out,Any,Any,Allow,All Ports
@{Microsoft.BingNews_4.55.62231.0_x64__8wekyb3d8bbwe?ms-resource://Microsoft.BingNews/Resources/ApplicationTitleWithTagline},Out,Any,Any,Allow,All Ports
@{Microsoft.Windows.OOBENetworkCaptivePortal_10.0.21302.1000_neutral__cw5n1h2txyewy?ms-resource://Microsoft.Windows.OOBENetworkCaptivePortal/Resources/AppDisplayName},Out,Any,Any,Allow,All Ports
@{Microsoft.Windows.OOBENetworkCaptivePortal_10.0.21302.1000_neutral__cw5n1h2txyewy?ms-resource://Microsoft.Windows.OOBENetworkCaptivePortal/Resources/AppDisplayName},Out,Any,Any,Allow,All Ports
@{Microsoft.Windows.OOBENetworkCaptivePortal_10.0.21302.1000_neutral__cw5n1h2txyewy?ms-resource://Microsoft.Windows.OOBENetworkCaptivePortal/Resources/AppDisplayName},Out,Any,Any,Allow,All Ports
@{Microsoft.Windows.OOBENetworkCaptivePortal_10.0.21302.1000_neutral__cw5n1h2txyewy?ms-resource://Microsoft.Windows.OOBENetworkCaptivePortal/Resources/AppDisplayName},Out,Any,Any,Allow,All Ports
@{Microsoft.Windows.OOBENetworkCaptivePortal_10.0.21302.1000_neutral__cw5n1h2txyewy?ms-resource://Microsoft.Windows.OOBENetworkCaptivePortal/Resources/AppDisplayName},Out,Any,Any,Allow,All Ports
@{Microsoft.Windows.OOBENetworkCaptivePortal_10.0.21302.1000_neutral__cw5n1h2txyewy?ms-resource://Microsoft.Windows.OOBENetworkCaptivePortal/Resources/AppDisplayName},Out,Any,Any,Allow,All Ports
@{Microsoft.Windows.OOBENetworkCaptivePortal_10.0.21302.1000_neutral__cw5n1h2txyewy?ms-resource://Microsoft.Windows.OOBENetworkCaptivePortal/Resources/AppDisplayName},Out,Any,Any,Allow,All Ports
@{Microsoft.Windows.OOBENetworkCaptivePortal_10.0.21302.1000_neutral__cw5n1h2txyewy?ms-resource://Microsoft.Windows.OOBENetworkCaptivePortal/Resources/AppDisplayName},Out,Any,Any,Allow,All Ports
@{Microsoft.AccountsControl_10.0.22621.1_neutral__cw5n1h2txyewy?ms-resource://Microsoft.AccountsControl/Resources/DisplayName},Out,Any,Any,Allow,All Ports
@{Microsoft.XboxGameCallableUI_1000.22621.1.0_neutral_neutral_cw5n1h2txyewy?ms-resource://Microsoft.XboxGameCallableUI/resources/PkgDisplayName},Out,Any,Any,Allow,All Ports
@{Microsoft.Windows.ParentalControls_1000.22621.1.0_neutral_neutral_cw5n1h2txyewy?ms-resource://Microsoft.Windows.ParentalControls/resources/DisplayName},Out,Any,Any,Allow,All Ports
@{Microsoft.Windows.PeopleExperienceHost_10.0.22621.1_neutral_neutral_cw5n1h2txyewy?ms-resource://Microsoft.Windows.PeopleExperienceHost/resources/PkgDisplayName},Out,Any,Any,Allow,All Ports
@{Microsoft.Windows.NarratorQuickStart_10.0.22621.1_neutral_neutral_8wekyb3d8bbwe?ms-resource://Microsoft.Windows.NarratorQuickStart/Resources/AppDisplayName},Out,Any,Any,Allow,All Ports
@{Microsoft.Win32WebViewHost_10.0.22621.1_neutral_neutral_cw5n1h2txyewy?ms-resource://Windows.Win32WebViewHost/resources/DisplayName},In,Any,Any,Allow,All Ports
@{Microsoft.Win32WebViewHost_10.0.22621.1_neutral_neutral_cw5n1h2txyewy?ms-resource://Windows.Win32WebViewHost/resources/DisplayName},Out,Any,Any,Allow,All Ports
@{Microsoft.Windows.Apprep.ChxApp_1000.22621.1.0_neutral_neutral_cw5n1h2txyewy?ms-resource://Microsoft.Windows.Apprep.ChxApp/resources/DisplayName},Out,Any,Any,Allow,All Ports
NcsiUwpApp,Out,Any,Any,Allow,All Ports
@{Microsoft.Windows.OOBENetworkCaptivePortal_10.0.21302.1000_neutral__cw5n1h2txyewy?ms-resource://Microsoft.Windows.OOBENetworkCaptivePortal/Resources/AppDisplayName},Out,Any,Any,Allow,All Ports
@{Microsoft.AAD.BrokerPlugin_1000.19580.1000.0_neutral_neutral_cw5n1h2txyewy?ms-resource://Microsoft.AAD.BrokerPlugin/resources/PackageDisplayName},In,Any,Any,Allow,All Ports
@{Microsoft.AAD.BrokerPlugin_1000.19580.1000.0_neutral_neutral_cw5n1h2txyewy?ms-resource://Microsoft.AAD.BrokerPlugin/resources/PackageDisplayName},Out,Any,Any,Allow,All Ports
@{Microsoft.Windows.OOBENetworkCaptivePortal_10.0.21302.1000_neutral__cw5n1h2txyewy?ms-resource://Microsoft.Windows.OOBENetworkCaptivePortal/Resources/AppDisplayName},Out,Any,Any,Allow,All Ports
windows_ie_ac_001,Out,Any,Any,Allow,All Ports
Print 3D,In,Any,Any,Allow,All Ports
Print 3D,Out,Any,Any,Allow,All Ports
@{Microsoft.MixedReality.Portal_2000.21051.1282.0_x64__8wekyb3d8bbwe?ms-resource://Microsoft.MixedReality.Portal/Resources/PkgDisplayName},Out,Any,Any,Allow,All Ports
Xbox TCUI,Out,Any,Any,Allow,All Ports
Xbox Game Bar Plugin,Out,Any,Any,Allow,All Ports
@{Microsoft.Windows.ContentDeliveryManager_10.0.18362.387_neutral_neutral_cw5n1h2txyewy?ms-resource://Microsoft.Windows.ContentDeliveryManager/resources/AppDisplayName},Out,Any,Any,Allow,All Ports
@{Microsoft.Windows.CloudExperienceHost_10.0.18362.387_neutral_neutral_cw5n1h2txyewy?ms-resource://Microsoft.Windows.CloudExperienceHost/resources/appDescription},In,Any,Any,Allow,All Ports
@{Microsoft.Windows.CloudExperienceHost_10.0.18362.387_neutral_neutral_cw5n1h2txyewy?ms-resource://Microsoft.Windows.CloudExperienceHost/resources/appDescription},Out,Any,Any,Allow,All Ports
@{Microsoft.AAD.BrokerPlugin_1000.18362.387.0_neutral_neutral_cw5n1h2txyewy?ms-resource://Microsoft.AAD.BrokerPlugin/resources/PackageDisplayName},In,Any,Any,Allow,All Ports
@{Microsoft.AAD.BrokerPlugin_1000.18362.387.0_neutral_neutral_cw5n1h2txyewy?ms-resource://Microsoft.AAD.BrokerPlugin/resources/PackageDisplayName},Out,Any,Any,Allow,All Ports
@{Microsoft.Windows.StartMenuExperienceHost_10.0.18362.387_neutral_neutral_cw5n1h2txyewy?ms-resource://Microsoft.Windows.StartMenuExperienceHost/StartMenuExperienceHost/PkgDisplayName},In,Any,Any,Allow,All Ports
@{Microsoft.Windows.StartMenuExperienceHost_10.0.18362.387_neutral_neutral_cw5n1h2txyewy?ms-resource://Microsoft.Windows.StartMenuExperienceHost/StartMenuExperienceHost/PkgDisplayName},Out,Any,Any,Allow,All Ports
@{Microsoft.Windows.ShellExperienceHost_10.0.18362.387_neutral_neutral_cw5n1h2txyewy?ms-resource://Microsoft.Windows.ShellExperienceHost/resources/PkgDisplayName},In,Any,Any,Allow,All Ports
@{Microsoft.Windows.ShellExperienceHost_10.0.18362.387_neutral_neutral_cw5n1h2txyewy?ms-resource://Microsoft.Windows.ShellExperienceHost/resources/PkgDisplayName},Out,Any,Any,Allow,All Ports
@{Microsoft.Windows.OOBENetworkCaptivePortal_10.0.19041.1023_neutral__cw5n1h2txyewy?ms-resource://Microsoft.Windows.OOBENetworkCaptivePortal/Resources/AppDisplayName},Out,Any,Any,Allow,All Ports
@{Microsoft.Windows.SecHealthUI_10.0.19041.1865_neutral__cw5n1h2txyewy?ms-resource://Microsoft.Windows.SecHealthUI/resources/PackageDisplayName},Out,Any,Any,Allow,All Ports
@{Microsoft.Windows.SecHealthUI_10.0.19041.1865_neutral__cw5n1h2txyewy?ms-resource://Microsoft.Windows.SecHealthUI/resources/PackageDisplayName},In,Any,Any,Allow,All Ports
Advanced TCP/IP Port Installer,In,Any,TCP,Allow,Any
Advanced TCP/IP Port Installer,In,Any,UDP,Allow,Any
Advanced TCP/IP Printer Port,In,Any,TCP,Allow,9100
Advanced TCP/IP SLP Port,In,Any,TCP,Allow,427
Advanced TCP/IP SNMP Port,In,Any,TCP,Allow,161
Zoom Video Meeting,In,Any,UDP,Allow,7200-17210
Airhost service for Zoom Video Meetings,In,Any,TCP,Allow,"5000,7000,7100,50000,7200-17210,8888"
Airhost service for Zoom Video Meetings,In,Any,UDP,Allow,"5353,7200-17210,8889"
@{Microsoft.Windows.Search_1.14.10.19041_neutral_neutral_cw5n1h2txyewy?ms-resource://Microsoft.Windows.Search/resources/PackageDisplayName},Out,Any,Any,Allow,All Ports
@{Microsoft.Windows.Search_1.14.10.19041_neutral_neutral_cw5n1h2txyewy?ms-resource://Microsoft.Windows.Search/resources/PackageDisplayName},In,Any,Any,Allow,All Ports
Media Center Extenders - qWave (TCP-In),In,LocalSubnet,TCP,Allow,2177
Windows Media Player Network Sharing Service (TCP-Out),Out,Any,TCP,Allow,Any
Windows Media Player Network Sharing Service (qWave-UDP-In),In,Any,UDP,Allow,2177
BranchCache Peer Discovery (WSD-Out),Out,LocalSubnet,UDP,Allow,Any
Windows Media Player (TCP-Out),Out,Any,TCP,Allow,Any
Windows Media Player (UDP-Out),Out,Any,UDP,Allow,Any
BranchCache Content Retrieval (HTTP-In),In,Any,TCP,Allow,80
Windows Media Player Network Sharing Service (HTTP-Streaming-In),In,Any,TCP,Allow,10243
Windows Media Player Network Sharing Service (Streaming-UDP-Out),Out,LocalSubnet,UDP,Allow,Any
Cast to Device streaming server (RTSP-Streaming-In),In,Any,TCP,Allow,"23554,23555,23556"
Cast to Device streaming server (HTTP-Streaming-In),In,Any,TCP,Allow,10246
Cast to Device streaming server (HTTP-Streaming-In),In,Any,TCP,Allow,10246
Windows Media Player x86 (TCP-Out),Out,Any,TCP,Allow,Any
Windows Media Player x86 (UDP-Out),Out,Any,UDP,Allow,Any
Media Center Extenders - Media Streaming (TCP-Out),Out,LocalSubnet,TCP,Allow,Any
Media Center Extenders - SSDP (UDP-Out),Out,LocalSubnet,UDP,Allow,Any
BranchCache Content Retrieval (HTTP-Out),Out,Any,TCP,Allow,Any
Remote Desktop - User Mode (UDP-In),In,Any,UDP,Allow,3389
Remote Desktop - User Mode (TCP-In),In,Any,TCP,Allow,3389
Media Center Extenders - Media Streaming (TCP-In),In,LocalSubnet,TCP,Allow,2869
Key Management Service (TCP-In),In,Any,TCP,Allow,1688
Cast to Device streaming server (RTCP-Streaming-In),In,Any,UDP,Allow,Any
Windows Media Player Network Sharing Service (UDP-Out),Out,Any,UDP,Allow,Any
Cast to Device streaming server (RTSP-Streaming-In),In,LocalSubnet,TCP,Allow,"23554,23555,23556"
Media Center Extenders - Media Streaming (UDP-Out),Out,LocalSubnet,UDP,Allow,1900
Media Center Extenders - WMDRM-ND/RTP/RTCP (UDP-Out),Out,LocalSubnet,UDP,Allow,Any
Media Center Extenders - RTSP (TCP-Out),Out,LocalSubnet,TCP,Allow,Any
Cast to Device UPnP Events (TCP-In),In,Any,TCP,Allow,2869
Wireless Portable Devices (UPnPHost-Out),Out,LocalSubnet,TCP,Allow,Any
Wireless Portable Devices (SSDP-Out),Out,LocalSubnet,UDP,Allow,Any
Cast to Device streaming server (RTP-Streaming-Out),Out,Any,UDP,Allow,Any
Wireless Portable Devices (SSDP-In),In,LocalSubnet,UDP,Allow,1900
Media Center Extenders - Device Validation (TCP-Out),Out,Any,TCP,Allow,Any
Cast to Device SSDP Discovery (UDP-In),In,Any,UDP,Allow,Ply2Disc
BranchCache Hosted Cache Client (HTTP-Out),Out,Any,TCP,Allow,Any
Windows Media Player Network Sharing Service (TCP-Out),Out,LocalSubnet,TCP,Allow,Any
Media Center Extenders - Service (TCP-Out),Out,LocalSubnet,TCP,Allow,Any
Media Center Extenders - UPnP (TCP-Out),Out,LocalSubnet,TCP,Allow,Any
Windows Media Player Network Sharing Service (qWave-TCP-Out),Out,Any,TCP,Allow,Any
Windows Media Player Network Sharing Service (qWave-UDP-Out),Out,Any,UDP,Allow,Any
Remote Desktop - Shadow (TCP-In),In,Any,TCP,Allow,Any
Media Center Extenders - SSDP (UDP-In),In,LocalSubnet,UDP,Allow,1900
Cast to Device functionality (qWave-TCP-In),In,Any,TCP,Allow,2177
Cast to Device streaming server (HTTP-Streaming-In),In,LocalSubnet,TCP,Allow,10246
Windows Media Player Network Sharing Service (qWave-UDP-Out),Out,LocalSubnet,UDP,Allow,Any
Windows Media Player Network Sharing Service (HTTP-Streaming-In),In,LocalSubnet,TCP,Allow,10243
Windows Media Player Network Sharing Service (UDP-Out),Out,LocalSubnet,UDP,Allow,Any
Wireless Portable Devices (UPnP-Out),Out,LocalSubnet,TCP,Allow,Any
Windows Media Player Network Sharing Service (HTTP-Streaming-Out),Out,LocalSubnet,TCP,Allow,Any
Wireless Portable Devices (UPnP-In),In,LocalSubnet,TCP,Allow,2869
Windows Media Player Network Sharing Service (SSDP-In),In,LocalSubnet,UDP,Allow,1900
File and Printer Sharing over SMBDirect (iWARP-In),In,Any,TCP,Allow,5445
Windows Media Player Network Sharing Service (UPnP-Out),Out,LocalSubnet,TCP,Allow,Any
Windows Media Player Network Sharing Service (Streaming-TCP-Out),Out,Any,TCP,Allow,Any
Windows Media Player Network Sharing Service (qWave-TCP-Out),Out,LocalSubnet,TCP,Allow,Any
Key Management Service (TCP-In),In,LocalSubnet,TCP,Allow,1688
Windows Media Player Network Sharing Service (SSDP-Out),Out,LocalSubnet,UDP,Allow,Any
Media Center Extenders - XSP (TCP-In),In,LocalSubnet,TCP,Allow,3390
Remote Desktop - (TCP-WSS-In),In,Any,TCP,Allow,3392
Cast to Device functionality (qWave-UDP-Out),Out,Any,UDP,Allow,Any
Media Center Extenders - qWave (TCP-Out),Out,LocalSubnet,TCP,Allow,Any
Media Center Extenders - qWave (UDP-Out),Out,LocalSubnet,UDP,Allow,Any
Media Center Extenders - RTSP (TCP-In),In,LocalSubnet,TCP,Allow,"554,8554,8555,8556,8557,8558"
Windows Media Player Network Sharing Service (Streaming-UDP-In),In,LocalSubnet,UDP,Allow,Any
Cloud Identity (TCP-Out),Out,Any,TCP,Allow,Any
Windows Media Player Network Sharing Service (HTTP-Streaming-Out),Out,Any,TCP,Allow,Any
Cast to Device functionality (qWave-UDP-In),In,Any,UDP,Allow,2177
Windows Media Player Network Sharing Service (Streaming-UDP-In),In,Any,UDP,Allow,Any
Wireless Portable Devices (TCP-Out),Out,Any,TCP,Allow,Any
Windows Media Player Network Sharing Service (TCP-In),In,LocalSubnet,TCP,Allow,Any
Windows Media Player Network Sharing Service (UDP-In),In,LocalSubnet,UDP,Allow,Any
Windows Media Player x86 (UDP-In),In,Any,UDP,Allow,Any
Media Center Extenders - WMDRM-ND/RTP/RTCP (UDP-In),In,LocalSubnet,UDP,Allow,"7777,7778,7779,7780,7781,5004,5005,50004,50005,50006,50007,50008,50009,50010,50011,50012,50013"
Cast to Device streaming server (RTSP-Streaming-In),In,Any,TCP,Allow,"23554,23555,23556"
Windows Media Player Network Sharing Service (qWave-TCP-In),In,Any,TCP,Allow,2177
Windows Media Player Network Sharing Service (TCP-In),In,Any,TCP,Allow,Any
Windows Media Player Network Sharing Service (UDP-In),In,Any,UDP,Allow,Any
Windows Media Player Network Sharing Service (UPnPHost-Out),Out,LocalSubnet,TCP,Allow,Any
BranchCache Hosted Cache Server (HTTP-In),In,Any,TCP,Allow,"80,443"
Windows Media Player Network Sharing Service (Streaming-UDP-Out),Out,Any,UDP,Allow,Any
Windows Media Player Network Sharing Service (UPnP-In),In,LocalSubnet,TCP,Allow,2869
Cast to Device streaming server (RTCP-Streaming-In),In,Any,UDP,Allow,Any
Windows Media Player Network Sharing Service (qWave-UDP-In),In,LocalSubnet,UDP,Allow,2177
Windows Media Player Network Sharing Service (qWave-TCP-In),In,LocalSubnet,TCP,Allow,2177
Media Center Extenders - Device Provisioning (TCP-Out),Out,Any,TCP,Allow,Any
Cast to Device streaming server (RTP-Streaming-Out),Out,LocalSubnet,UDP,Allow,Any
Cast to Device streaming server (RTP-Streaming-Out),Out,Any,UDP,Allow,Any
Media Center Extenders - qWave (UDP-In),In,LocalSubnet,UDP,Allow,2177
Wireless Portable Devices (TCP-Out),Out,LocalSubnet,TCP,Allow,Any
Media Center Extenders - HTTP Streaming (TCP-In),In,LocalSubnet,TCP,Allow,10244
Cast to Device streaming server (RTCP-Streaming-In),In,LocalSubnet,UDP,Allow,Any
BranchCache Peer Discovery (WSD-In),In,LocalSubnet,UDP,Allow,3702
Remote Desktop - (TCP-WS-In),In,Any,TCP,Allow,3387
Cast to Device functionality (qWave-TCP-Out),Out,Any,TCP,Allow,Any
BranchCache Hosted Cache Server(HTTP-Out),Out,Any,TCP,Allow,"80,443"
Windows Media Player (UDP-In),In,Any,UDP,Allow,Any
Windows Media Player Network Sharing Service (Streaming-TCP-Out),Out,LocalSubnet,TCP,Allow,Any
Network Discovery (NB-Name-Out),Out,Any,UDP,Allow,Any
mDNS (UDP-In),In,LocalSubnet,UDP,Allow,5353
Core Networking Diagnostics - ICMP Echo Request (ICMPv6-In),In,Any,ICMPv6,Allow,All Ports
Core Networking - Group Policy (TCP-Out),Out,Any,TCP,Allow,Any
Distributed Transaction Coordinator (TCP-In),In,Any,TCP,Allow,Any
Network Discovery (NB-Name-Out),Out,LocalSubnet,UDP,Allow,Any
Routing and Remote Access (GRE-Out),Out,Any,47,Allow,All Ports
Network Discovery (UPnPHost-Out),Out,LocalSubnet,TCP,Allow,Any
Windows Remote Management - Compatibility Mode (HTTP-In),In,Any,TCP,Allow,80
Core Networking Diagnostics - ICMP Echo Request (ICMPv4-In),In,LocalSubnet,ICMPv4,Allow,All Ports
Remote Assistance (TCP-In),In,Any,TCP,Allow,Any
Windows Peer to Peer Collaboration Foundation (TCP-In),In,Any,TCP,Allow,Any
mDNS (UDP-In),In,Any,UDP,Allow,5353
Core Networking - Time Exceeded (ICMPv6-In),In,Any,ICMPv6,Allow,All Ports
Netlogon Service Authz (RPC),In,Any,TCP,Allow,RPC
File and Printer Sharing (LLMNR-UDP-Out),Out,LocalSubnet,UDP,Allow,Any
Windows Management Instrumentation (WMI-Out),Out,Any,TCP,Allow,Any
Remote Volume Management - Virtual Disk Service (RPC),In,Any,TCP,Allow,RPC
Core Networking - Dynamic Host Configuration Protocol for IPv6(DHCPV6-Out),Out,Any,UDP,Allow,546
Distributed Transaction Coordinator (TCP-In),In,LocalSubnet,TCP,Allow,Any
DIAL protocol server (HTTP-In),In,LocalSubnet,TCP,Allow,10247
Secure Socket Tunneling Protocol (SSTP-In),In,Any,TCP,Allow,443
Core Networking Diagnostics - ICMP Echo Request (ICMPv4-In),In,Any,ICMPv4,Allow,All Ports
Core Networking - Multicast Listener Report (ICMPv6-In),In,LocalSubnet,ICMPv6,Allow,All Ports
Windows Device Management Sync Client (TCP out),Out,Any,TCP,Allow,49152-65535
File and Printer Sharing (LLMNR-UDP-In),In,LocalSubnet,UDP,Allow,5355
Network Discovery (WSD-In),In,LocalSubnet,UDP,Allow,3702
Network Discovery (WSD-Out),Out,LocalSubnet,UDP,Allow,Any
Windows Peer to Peer Collaboration Foundation (SSDP-In),In,LocalSubnet,UDP,Allow,1900
Core Networking - Multicast Listener Query (ICMPv6-In),In,LocalSubnet,ICMPv6,Allow,All Ports
Remote Event Log Management (RPC),In,Any,TCP,Allow,RPC
File and Printer Sharing (Echo Request - ICMPv4-In),In,Any,ICMPv4,Allow,All Ports
File and Printer Sharing (NB-Datagram-In),In,LocalSubnet,UDP,Allow,138
Remote Volume Management - Virtual Disk Service Loader (RPC),In,Any,TCP,Allow,RPC
Core Networking - Multicast Listener Report v2 (ICMPv6-In),In,LocalSubnet,ICMPv6,Allow,All Ports
Windows Management Instrumentation (WMI-In),In,Any,TCP,Allow,Any
File and Printer Sharing (NB-Name-Out),Out,LocalSubnet,UDP,Allow,Any
Network Discovery (Pub-WSD-In),In,LocalSubnet,UDP,Allow,3702
WFD ASP Coordination Protocol (UDP-In),In,LocalSubnet,UDP,Allow,7235
iSCSI Service (TCP-Out),Out,Any,TCP,Allow,Any
Core Networking - Group Policy (NP-Out),Out,Any,TCP,Allow,Any
Core Networking - Internet Group Management Protocol (IGMP-In),In,Any,2,Allow,All Ports
Proximity sharing over TCP (TCP sharing-In),In,Any,TCP,Allow,Any
Distributed Transaction Coordinator (RPC),In,Any,TCP,Allow,RPC
Remote Assistance (SSDP TCP-In),In,LocalSubnet,TCP,Allow,2869
Windows Management Instrumentation (DCOM-In),In,Any,TCP,Allow,135
Network Discovery (WSD EventsSecure-Out),Out,LocalSubnet,TCP,Allow,Any
Core Networking Diagnostics - ICMP Echo Request (ICMPv6-Out),Out,Any,ICMPv6,Allow,All Ports
Remote Event Log Management (RPC-EPMAP),In,LocalSubnet,TCP,Allow,RPC-EPMap
Network Discovery (UPnP-In),In,Any,TCP,Allow,2869
WFD Driver-only (UDP-Out),Out,Any,UDP,Allow,Any
Core Networking - IPv6 (IPv6-Out),Out,Any,41,Allow,All Ports
Performance Logs and Alerts (DCOM-In),In,LocalSubnet,TCP,Allow,135
Windows Collaboration Computer Name Registration Service (SSDP-In),In,LocalSubnet,UDP,Allow,1900
File and Printer Sharing (Echo Request - ICMPv6-In),In,Any,ICMPv6,Allow,All Ports
Wireless Display (TCP-In),In,Any,TCP,Allow,Any
Network Discovery (WSD Events-In),In,LocalSubnet,TCP,Allow,5357
Network Discovery (WSD-Out),Out,LocalSubnet,UDP,Allow,Any
Windows Peer to Peer Collaboration Foundation (PNRP-Out),Out,Any,UDP,Allow,Any
Core Networking - Neighbor Discovery Solicitation (ICMPv6-Out),Out,Any,ICMPv6,Allow,All Ports
Wi-Fi Direct Network Discovery (In),In,Any,Any,Allow,All Ports
Inbound Rule for Remote Shutdown (RPC-EP-In),In,Any,TCP,Allow,RPC-EPMap
Windows Remote Management (HTTP-In),In,Any,TCP,Allow,5985
Performance Logs and Alerts (TCP-In),In,Any,TCP,Allow,Any
Routing and Remote Access (PPTP-Out),Out,Any,TCP,Allow,Any
Network Discovery (NB-Datagram-Out),Out,Any,UDP,Allow,Any
Performance Logs and Alerts (DCOM-In),In,Any,TCP,Allow,135
Network Discovery (SSDP-Out),Out,LocalSubnet,UDP,Allow,Any
mDNS (UDP-Out),Out,LocalSubnet,UDP,Allow,Any
Core Networking Diagnostics - ICMP Echo Request (ICMPv4-Out),Out,LocalSubnet,ICMPv4,Allow,All Ports
File and Printer Sharing (Echo Request - ICMPv6-In),In,LocalSubnet,ICMPv6,Allow,All Ports
File and Printer Sharing (NB-Session-Out),Out,Any,TCP,Allow,Any
Network Discovery (NB-Datagram-In),In,LocalSubnet,UDP,Allow,138
Remote Scheduled Tasks Management (RPC),In,LocalSubnet,TCP,Allow,RPC
Connected Devices Platform - Wi-Fi Direct Transport (TCP-In),In,Any,TCP,Allow,Any
Network Discovery (WSD EventsSecure-In),In,LocalSubnet,TCP,Allow,5358
Core Networking - Destination Unreachable (ICMPv6-In),In,Any,ICMPv6,Allow,All Ports
Wi-Fi Direct Scan Service Use (Out),Out,Any,Any,Allow,All Ports
Connected User Experiences and Telemetry,Out,Any,TCP,Allow,Any
WFD Driver-only (TCP-Out),Out,Any,TCP,Allow,Any
Core Networking - Multicast Listener Done (ICMPv6-In),In,LocalSubnet,ICMPv6,Allow,All Ports
AllJoyn Router (UDP-In),In,Any,UDP,Allow,Any
AllJoyn Router (TCP-In),In,Any,TCP,Allow,9955
Remote Assistance (PNRP-Out),Out,Any,UDP,Allow,Any
File and Printer Sharing (NB-Datagram-Out),Out,LocalSubnet,UDP,Allow,Any
Network Discovery (WSD Events-Out),Out,LocalSubnet,TCP,Allow,Any
Windows Defender Firewall Remote Management (RPC),In,LocalSubnet,TCP,Allow,RPC
Core Networking - IPHTTPS (TCP-In),In,Any,TCP,Allow,IPHTTPS
Core Networking - Dynamic Host Configuration Protocol (DHCP-Out),Out,Any,UDP,Allow,68
Core Networking - Packet Too Big (ICMPv6-In),In,Any,ICMPv6,Allow,All Ports
Routing and Remote Access (L2TP-In),In,Any,UDP,Allow,1701
Proximity sharing over TCP (TCP sharing-Out),Out,Any,TCP,Allow,Any
Network Discovery (LLMNR-UDP-In),In,LocalSubnet,UDP,Allow,5355
TPM Virtual Smart Card Management (TCP-Out),Out,Any,TCP,Allow,Any
Core Networking - Multicast Listener Report (ICMPv6-Out),Out,LocalSubnet,ICMPv6,Allow,All Ports
Virtual Machine Monitoring (Echo Request - ICMPv6-In),In,Any,ICMPv6,Allow,All Ports
Wi-Fi Direct Network Discovery (Out),Out,Any,Any,Allow,All Ports
AllJoyn Router (TCP-Out),Out,Any,TCP,Allow,Any
Remote Assistance (TCP-In),In,Any,TCP,Allow,Any
mDNS (UDP-In),In,LocalSubnet,UDP,Allow,5353
Remote Scheduled Tasks Management (RPC-EPMAP),In,LocalSubnet,TCP,Allow,RPC-EPMap
Connected Devices Platform (TCP-In),In,Any,TCP,Allow,Any
Connected Devices Platform (UDP-In),In,Any,UDP,Allow,Any
Network Discovery (SSDP-In),In,LocalSubnet,UDP,Allow,1900
Virtual Machine Monitoring (Echo Request - ICMPv4-In),In,Any,ICMPv4,Allow,All Ports
Netlogon Service (NP-In),In,Any,TCP,Allow,445
Network Discovery (Pub WSD-Out),Out,LocalSubnet,UDP,Allow,Any
Network Discovery for Teredo (UPnP-In),In,Any,TCP,Allow,Any
Network Discovery (LLMNR-UDP-Out),Out,LocalSubnet,UDP,Allow,Any
Network Discovery (WSD EventsSecure-Out),Out,Any,TCP,Allow,Any
Core Networking - Time Exceeded (ICMPv6-Out),Out,Any,ICMPv6,Allow,All Ports
Remote Assistance (SSDP UDP-In),In,LocalSubnet,UDP,Allow,1900
TPM Virtual Smart Card Management (TCP-Out),Out,LocalSubnet,TCP,Allow,Any
TPM Virtual Smart Card Management (TCP-In),In,LocalSubnet,TCP,Allow,Any
TPM Virtual Smart Card Management (DCOM-In),In,LocalSubnet,TCP,Allow,135
Remote Volume Management - Virtual Disk Service Loader (RPC),In,LocalSubnet,TCP,Allow,RPC
Remote Volume Management (RPC-EPMAP),In,Any,TCP,Allow,RPC-EPMap
Core Networking Diagnostics - ICMP Echo Request (ICMPv6-In),In,LocalSubnet,ICMPv6,Allow,All Ports
File and Printer Sharing (Echo Request - ICMPv6-Out),Out,Any,ICMPv6,Allow,All Ports
Network Discovery (NB-Name-In),In,Any,UDP,Allow,137
File and Printer Sharing (SMB-In),In,Any,TCP,Allow,445
Windows Peer to Peer Collaboration Foundation (SSDP-Out),Out,LocalSubnet,UDP,Allow,Any
Core Networking - Multicast Listener Query (ICMPv6-Out),Out,LocalSubnet,ICMPv6,Allow,All Ports
Windows Device Management Device Enroller (TCP out),Out,Any,TCP,Allow,49152-65535
WFD Driver-only (UDP-In),In,Any,UDP,Allow,Any
WFD Driver-only (TCP-In),In,Any,TCP,Allow,Any
Windows Defender Firewall Remote Management (RPC-EPMAP),In,Any,TCP,Allow,RPC-EPMap
Remote Service Management (NP-In),In,LocalSubnet,TCP,Allow,445
AllJoyn Router (UDP-Out),Out,Any,UDP,Allow,Any
Network Discovery (UPnP-In),In,LocalSubnet,TCP,Allow,2869
Core Networking - Neighbor Discovery Advertisement (ICMPv6-Out),Out,Any,ICMPv6,Allow,All Ports
Distributed Transaction Coordinator (RPC-EPMAP),In,LocalSubnet,TCP,Allow,RPC-EPMap
Windows Collaboration Computer Name Registration Service (PNRP-Out),Out,Any,UDP,Allow,Any
File and Printer Sharing (SMB-In),In,LocalSubnet,TCP,Allow,445
Microsoft Media Foundation Network Source OUT [TCP ALL],Out,LocalSubnet,TCP,Allow,Any
Remote Service Management (RPC),In,Any,TCP,Allow,RPC
Network Discovery (NB-Datagram-In),In,LocalSubnet,UDP,Allow,138
Network Discovery (NB-Datagram-Out),Out,LocalSubnet,UDP,Allow,Any
Core Networking - Teredo (UDP-In),In,Any,UDP,Allow,Teredo
Remote Service Management (NP-In),In,Any,TCP,Allow,445
File and Printer Sharing (Echo Request - ICMPv4-In),In,LocalSubnet,ICMPv4,Allow,All Ports
Network Discovery (NB-Name-In),In,LocalSubnet,UDP,Allow,137
iSCSI Service (TCP-In),In,Any,TCP,Allow,Any
Core Networking - DNS (UDP-Out),Out,Any,UDP,Allow,Any
Core Networking - Parameter Problem (ICMPv6-In),In,Any,ICMPv6,Allow,All Ports
File and Printer Sharing (NB-Session-In),In,LocalSubnet,TCP,Allow,139
Network Discovery (WSD-In),In,LocalSubnet,UDP,Allow,3702
Windows Peer to Peer Collaboration Foundation (WSD-Out),Out,LocalSubnet,UDP,Allow,Any
File and Printer Sharing (NB-Name-In),In,Any,UDP,Allow,137
Network Discovery (SSDP-In),In,LocalSubnet,UDP,Allow,1900
Windows Remote Management - Compatibility Mode (HTTP-In),In,LocalSubnet,TCP,Allow,80
Core Networking - Internet Group Management Protocol (IGMP-Out),Out,Any,2,Allow,All Ports
Remote Service Management (RPC-EPMAP),In,LocalSubnet,TCP,Allow,RPC-EPMap
Remote Service Management (RPC),In,LocalSubnet,TCP,Allow,RPC
Network Discovery (WSD EventsSecure-In),In,Any,TCP,Allow,5358
Microsoft Media Foundation Network Source IN [TCP 554],In,LocalSubnet,TCP,Allow,"554,8554-8558"
Core Networking - IPHTTPS (TCP-Out),Out,Any,TCP,Allow,Any
Core Networking - Neighbor Discovery Advertisement (ICMPv6-In),In,Any,ICMPv6,Allow,All Ports
Windows Peer to Peer Collaboration Foundation (TCP-Out),Out,Any,TCP,Allow,Any
Core Networking - Router Advertisement (ICMPv6-Out),Out,"LocalSubnet,fe80::/64,ff02::1-ff02::1",ICMPv6,Allow,All Ports
Remote Assistance (RA Server TCP-Out),Out,Any,TCP,Allow,Any
File and Printer Sharing (Echo Request - ICMPv6-Out),Out,LocalSubnet,ICMPv6,Allow,All Ports
File and Printer Sharing (Spooler Service - RPC-EPMAP),In,LocalSubnet,TCP,Allow,RPC-EPMap
Wireless Display (UDP-Out),Out,Any,UDP,Allow,Any
Wireless Display (TCP-Out),Out,Any,TCP,Allow,Any
Network Discovery (LLMNR-UDP-Out),Out,LocalSubnet,UDP,Allow,Any
Network Discovery (Pub WSD-Out),Out,LocalSubnet,UDP,Allow,Any
Network Discovery (WSD Events-Out),Out,Any,TCP,Allow,Any
Windows Defender Firewall Remote Management (RPC),In,Any,TCP,Allow,RPC
Virtual Machine Monitoring (NB-Session-In),In,Any,TCP,Allow,139
Windows Management Instrumentation (ASync-In),In,Any,TCP,Allow,Any
Network Discovery (WSD Events-In),In,Any,TCP,Allow,5357
Remote Service Management (RPC-EPMAP),In,Any,TCP,Allow,RPC-EPMap
DIAL protocol server (HTTP-In),In,Any,TCP,Allow,10247
Network Discovery (UPnP-Out),Out,Any,TCP,Allow,Any
Windows Peer to Peer Collaboration Foundation (PNRP-In),In,Any,UDP,Allow,3540
Remote Assistance (PNRP-In),In,Any,UDP,Allow,3540
Remote Scheduled Tasks Management (RPC-EPMAP),In,Any,TCP,Allow,RPC-EPMap
Recommended Troubleshooting Client (HTTP/HTTPS Out),Out,Any,TCP,Allow,Any
Core Networking - Group Policy (LSASS-Out),Out,Any,TCP,Allow,Any
File and Printer Sharing (NB-Session-Out),Out,LocalSubnet,TCP,Allow,Any
Network Discovery (WSD EventsSecure-Out),Out,LocalSubnet,TCP,Allow,Any
Network Discovery (Pub-WSD-In),In,LocalSubnet,UDP,Allow,3702
Windows Collaboration Computer Name Registration Service (SSDP-Out),Out,LocalSubnet,UDP,Allow,Any
Wireless Display Infrastructure Back Channel (TCP-In),In,Any,TCP,Allow,7250
Windows Management Instrumentation (DCOM-In),In,LocalSubnet,TCP,Allow,135
Network Discovery (NB-Datagram-In),In,Any,UDP,Allow,138
Core Networking - Router Solicitation (ICMPv6-In),In,Any,ICMPv6,Allow,All Ports
Virtual Machine Monitoring (DCOM-In),In,Any,TCP,Allow,135
Windows Management Instrumentation (WMI-Out),Out,LocalSubnet,TCP,Allow,Any
TPM Virtual Smart Card Management (TCP-In),In,Any,TCP,Allow,Any
WFD ASP Coordination Protocol (UDP-Out),Out,LocalSubnet,UDP,Allow,7235
iSCSI Service (TCP-In),In,LocalSubnet,TCP,Allow,Any
Remote Volume Management - Virtual Disk Service (RPC),In,LocalSubnet,TCP,Allow,RPC
Core Networking - Teredo (UDP-Out),Out,Any,UDP,Allow,Any
Routing and Remote Access (PPTP-In),In,Any,TCP,Allow,1723
Remote Assistance (PNRP-In),In,Any,UDP,Allow,3540
Network Discovery (NB-Name-In),In,LocalSubnet,UDP,Allow,137
Core Networking - Multicast Listener Done (ICMPv6-Out),Out,LocalSubnet,ICMPv6,Allow,All Ports
Virtual Machine Monitoring (RPC),In,Any,TCP,Allow,RPC
Windows Device Management Certificate Installer (TCP out),Out,Any,TCP,Allow,49152-65535
Distributed Transaction Coordinator (TCP-Out),Out,Any,TCP,Allow,Any
File and Printer Sharing (NB-Name-In),In,LocalSubnet,UDP,Allow,137
Delivery Optimization (TCP-In),In,Any,TCP,Allow,7680
Windows Remote Management (HTTP-In),In,LocalSubnet,TCP,Allow,5985
Windows Defender Firewall Remote Management (RPC-EPMAP),In,LocalSubnet,TCP,Allow,RPC-EPMap
Performance Logs and Alerts (TCP-In),In,LocalSubnet,TCP,Allow,Any
File and Printer Sharing (NB-Datagram-In),In,Any,UDP,Allow,138
Windows Management Instrumentation (WMI-In),In,LocalSubnet,TCP,Allow,Any
mDNS (UDP-Out),Out,LocalSubnet,UDP,Allow,Any
Core Networking Diagnostics - ICMP Echo Request (ICMPv4-Out),Out,Any,ICMPv4,Allow,All Ports
Windows Management Instrumentation (ASync-In),In,LocalSubnet,TCP,Allow,Any
SNMP Trap Service (UDP In),In,Any,UDP,Allow,162
Windows Device Management Enrollment Service (TCP out),Out,Any,TCP,Allow,49152-65535
Network Discovery (UPnP-In),In,LocalSubnet,TCP,Allow,2869
Microsoft Media Foundation Network Source IN [UDP 5004-5009],In,LocalSubnet,UDP,Allow,5000-5020
Remote Event Monitor (RPC),In,Any,TCP,Allow,RPC
Core Networking Diagnostics - ICMP Echo Request (ICMPv6-Out),Out,LocalSubnet,ICMPv6,Allow,All Ports
Core Networking - Multicast Listener Report v2 (ICMPv6-Out),Out,LocalSubnet,ICMPv6,Allow,All Ports
Remote Event Log Management (RPC-EPMAP),In,Any,TCP,Allow,RPC-EPMap
Remote Assistance (RA Server TCP-In),In,Any,TCP,Allow,Any
Network Discovery (WSD EventsSecure-In),In,LocalSubnet,TCP,Allow,5358
Network Discovery (UPnP-Out),Out,LocalSubnet,TCP,Allow,Any
Remote Volume Management (RPC-EPMAP),In,LocalSubnet,TCP,Allow,RPC-EPMap
Remote Assistance (DCOM-In),In,Any,TCP,Allow,135
File and Printer Sharing (SMB-Out),Out,Any,TCP,Allow,Any
Network Discovery (WSD Events-In),In,LocalSubnet,TCP,Allow,5357
Remote Event Monitor (RPC-EPMAP),In,Any,TCP,Allow,RPC-EPMap
Core Networking - Neighbor Discovery Solicitation (ICMPv6-In),In,Any,ICMPv6,Allow,All Ports
Remote Assistance (SSDP TCP-Out),Out,LocalSubnet,TCP,Allow,Any
Remote Assistance (SSDP UDP-Out),Out,LocalSubnet,UDP,Allow,Any
Network Discovery (WSD-In),In,LocalSubnet,UDP,Allow,3702
Core Networking - Router Solicitation (ICMPv6-Out),Out,"LocalSubnet,fe80::/64,ff02::2-ff02::2",ICMPv6,Allow,All Ports
File and Printer Sharing (Echo Request - ICMPv4-Out),Out,Any,ICMPv4,Allow,All Ports
Remote Assistance (PNRP-Out),Out,Any,UDP,Allow,Any
Wi-Fi Direct Scan Service Use (In),In,Any,Any,Allow,All Ports
Distributed Transaction Coordinator (RPC-EPMAP),In,Any,TCP,Allow,RPC-EPMap
File and Printer Sharing (SMB-Out),Out,LocalSubnet,TCP,Allow,Any
File and Printer Sharing (NB-Name-Out),Out,Any,UDP,Allow,Any
Network Discovery (UPnPHost-Out),Out,LocalSubnet,TCP,Allow,Any
iSCSI Service (TCP-Out),Out,LocalSubnet,TCP,Allow,Any
Connected Devices Platform (TCP-Out),Out,Any,TCP,Allow,Any
Inbound Rule for Remote Shutdown (TCP-In),In,Any,TCP,Allow,RPC
Network Discovery for Teredo (SSDP-In),In,Any,UDP,Allow,Any
Distributed Transaction Coordinator (RPC),In,LocalSubnet,TCP,Allow,RPC
File and Printer Sharing (Echo Request - ICMPv4-Out),Out,LocalSubnet,ICMPv4,Allow,All Ports
Core Networking - Dynamic Host Configuration Protocol for IPv6(DHCPV6-In),In,Any,UDP,Allow,546
Network Discovery (WSD-In),In,LocalSubnet,UDP,Allow,3702
TPM Virtual Smart Card Management (DCOM-In),In,Any,TCP,Allow,135
Routing and Remote Access (GRE-In),In,Any,47,Allow,All Ports
File and Printer Sharing (Spooler Service - RPC),In,LocalSubnet,TCP,Allow,RPC
File and Printer Sharing (NB-Datagram-Out),Out,Any,UDP,Allow,Any
File and Printer Sharing (NB-Session-In),In,Any,TCP,Allow,139
Core Networking - Dynamic Host Configuration Protocol (DHCP-In),In,Any,UDP,Allow,68
Core Networking - Destination Unreachable Fragmentation Needed (ICMPv4-In),In,Any,ICMPv4,Allow,All Ports
Core Networking - Router Advertisement (ICMPv6-In),In,fe80::/64,ICMPv6,Allow,All Ports
Core Networking - Parameter Problem (ICMPv6-Out),Out,Any,ICMPv6,Allow,All Ports
Network Discovery (LLMNR-UDP-In),In,LocalSubnet,UDP,Allow,5355
Delivery Optimization (UDP-In),In,Any,UDP,Allow,7680
mDNS (UDP-Out),Out,Any,UDP,Allow,Any
SNMP Trap Service (UDP In),In,LocalSubnet,UDP,Allow,162
Remote Event Log Management (NP-In),In,LocalSubnet,TCP,Allow,445
Connected Devices Platform - Wi-Fi Direct Transport (TCP-Out),Out,Any,TCP,Allow,Any
Core Networking - IPv6 (IPv6-In),In,Any,41,Allow,All Ports
Remote Event Log Management (RPC),In,LocalSubnet,TCP,Allow,RPC
Network Discovery (NB-Datagram-Out),Out,LocalSubnet,UDP,Allow,Any
Network Discovery (NB-Name-Out),Out,LocalSubnet,UDP,Allow,Any
Windows Collaboration Computer Name Registration Service (PNRP-In),In,Any,UDP,Allow,3540
Windows Peer to Peer Collaboration Foundation (WSD-In),In,LocalSubnet,UDP,Allow,3702
File and Printer Sharing (Spooler Service - RPC),In,Any,TCP,Allow,RPC
File and Printer Sharing (Spooler Service - RPC-EPMAP),In,Any,TCP,Allow,RPC-EPMap
Connected Devices Platform (UDP-Out),Out,Any,UDP,Allow,Any
Core Networking - Packet Too Big (ICMPv6-Out),Out,Any,ICMPv6,Allow,All Ports
Routing and Remote Access (L2TP-Out),Out,Any,UDP,Allow,Any
Distributed Transaction Coordinator (TCP-Out),Out,LocalSubnet,TCP,Allow,Any
Remote Assistance (TCP-Out),Out,Any,TCP,Allow,Any
Network Discovery (WSD Events-Out),Out,LocalSubnet,TCP,Allow,Any
Network Discovery (SSDP-Out),Out,LocalSubnet,UDP,Allow,Any
Remote Scheduled Tasks Management (RPC),In,Any,TCP,Allow,RPC
Wi-Fi Direct Spooler Use (In),In,Any,Any,Allow,All Ports
Remote Event Log Management (NP-In),In,Any,TCP,Allow,445
Remote Assistance (TCP-Out),Out,Any,TCP,Allow,Any
Network Discovery (UPnP-Out),Out,LocalSubnet,TCP,Allow,Any
Wi-Fi Direct Spooler Use (Out),Out,Any,Any,Allow,All Ports
