Rule Name,Direction,Protocol,Local Port,Remote IP,Action
HP Smart,In,Any,,Any,Allow
HP Smart,Out,Any,,Any,Allow
Microsoft 365 Copilot,Out,Any,,Any,Allow
Game Bar,In,Any,,Any,Allow
Game Bar,Out,Any,,Any,Allow
@{Clipchamp.Clipchamp_4.0.10820.0_x64__yxz26nhyzhsrt?ms-resource://Clipchamp.Clipchamp/Resources/Clipchamp/AppName},Out,Any,,Any,Allow
WhatsApp,In,Any,,Any,Allow
WhatsApp,Out,Any,,Any,Allow
Microsoft Edge (mDNS-In),In,UDP,5353,Any,Allow
@{Microsoft.ZuneMusic_11.2501.9.0_x64__8wekyb3d8bbwe?ms-resource://Microsoft.ZuneMusic/Resources/AppStoreName},In,Any,,Any,Allow
@{Microsoft.ZuneMusic_11.2501.9.0_x64__8wekyb3d8bbwe?ms-resource://Microsoft.ZuneMusic/Resources/AppStoreName},Out,Any,,Any,Allow
@{Microsoft.WindowsCalculator_11.2501.1.0_x64__8wekyb3d8bbwe?ms-resource://Microsoft.WindowsCalculator/Resources/AppStoreName},Out,Any,,Any,Allow
Microsoft Teams,In,UDP,Any,Any,Allow
Microsoft Teams,In,TCP,Any,Any,Allow
@{Microsoft.DesktopAppInstaller_1.25.340.0_x64__8wekyb3d8bbwe?ms-resource://Microsoft.DesktopAppInstaller/Resources/appDisplayName},In,Any,,Any,Allow
@{Microsoft.DesktopAppInstaller_1.25.340.0_x64__8wekyb3d8bbwe?ms-resource://Microsoft.DesktopAppInstaller/Resources/appDisplayName},Out,Any,,Any,Allow
Microsoft Store,In,Any,,Any,Allow
Microsoft Store,Out,Any,,Any,Allow
Google Chrome (mDNS-In),In,UDP,5353,Any,Allow
Microsoft Edge (mDNS-In),In,UDP,5353,Any,Allow
@{Microsoft.WindowsAlarms_11.2501.7.0_x64__8wekyb3d8bbwe?ms-resource://Microsoft.WindowsAlarms/Resources/AppStoreName},In,Any,,Any,Allow
@{Microsoft.WindowsAlarms_11.2501.7.0_x64__8wekyb3d8bbwe?ms-resource://Microsoft.WindowsAlarms/Resources/AppStoreName},Out,Any,,Any,Allow
Xbox,In,Any,,Any,Allow
Xbox,Out,Any,,Any,Allow
Microsoft Edge (mDNS-In),In,UDP,5353,Any,Allow
@{Microsoft.ZuneVideo_10.25011.10061.0_x64__8wekyb3d8bbwe?ms-resource://Microsoft.ZuneVideo/resources/IDS_MANIFEST_VIDEO_APP_NAME},In,Any,,Any,Allow
@{Microsoft.ZuneVideo_10.25011.10061.0_x64__8wekyb3d8bbwe?ms-resource://Microsoft.ZuneVideo/resources/IDS_MANIFEST_VIDEO_APP_NAME},Out,Any,,Any,Allow
@{Microsoft.WindowsCamera_2025.2501.1.0_x64__8wekyb3d8bbwe?ms-resource://Microsoft.WindowsCamera/LensSDK/Resources/AppStoreName},In,Any,,Any,Allow
@{Microsoft.WindowsCamera_2025.2501.1.0_x64__8wekyb3d8bbwe?ms-resource://Microsoft.WindowsCamera/LensSDK/Resources/AppStoreName},Out,Any,,Any,Allow
Microsoft Teams,In,UDP,Any,Any,Allow
Microsoft Teams,In,TCP,Any,Any,Allow
@{Microsoft.Windows.OOBENetworkCaptivePortal_10.0.21302.1000_neutral__cw5n1h2txyewy?ms-resource://Microsoft.Windows.OOBENetworkCaptivePortal/Resources/AppDisplayName},Out,Any,,Any,Allow
@{MicrosoftWindows.LKG.TwinSxS_1000.22621.4746.0_x64__cw5n1h2txyewy?ms-resource://MicrosoftWindows.LKG.TwinSxS/resources/ProductPkgDisplayName},Out,Any,,Any,Allow
@{MicrosoftWindows.LKG.SpeechRuntime_1000.22621.4746.0_x64__cw5n1h2txyewy?ms-resource://MicrosoftWindows.LKG.SpeechRuntime/resources/ProductPkgDisplayName},Out,Any,,Any,Allow
@{MicrosoftWindows.LKG.RulesEngine_1000.22621.4746.0_x64__cw5n1h2txyewy?ms-resource://MicrosoftWindows.LKG.RulesEngine/resources/ProductPkgDisplayName},Out,Any,,Any,Allow
@{MicrosoftWindows.LKG.IrisService_1000.22621.4746.0_x64__cw5n1h2txyewy?ms-resource://MicrosoftWindows.LKG.IrisService/resources/ProductPkgDisplayName},Out,Any,,Any,Allow
@{MicrosoftWindows.LKG.DesktopSpotlight_1000.22621.4746.0_x64__cw5n1h2txyewy?ms-resource://MicrosoftWindows.LKG.DesktopSpotlight/resources/ProductPkgDisplayName},In,Any,,Any,Allow
@{MicrosoftWindows.LKG.DesktopSpotlight_1000.22621.4746.0_x64__cw5n1h2txyewy?ms-resource://MicrosoftWindows.LKG.DesktopSpotlight/resources/ProductPkgDisplayName},Out,Any,,Any,Allow
@{MicrosoftWindows.LKG.AccountsService_1000.22621.4746.0_x64__cw5n1h2txyewy?ms-resource://MicrosoftWindows.LKG.AccountsService/resources/ProductPkgDisplayName},Out,Any,,Any,Allow
@{Microsoft.Windows.OOBENetworkCaptivePortal_10.0.21302.1000_neutral__cw5n1h2txyewy?ms-resource://Microsoft.Windows.OOBENetworkCaptivePortal/Resources/AppDisplayName},Out,Any,,Any,Allow
Widgets Platform Runtime,Out,Any,,Any,Allow
Windows Web Experience Pack,Out,Any,,Any,Allow
@{Microsoft.WindowsTerminal_1.21.10351.0_x64__8wekyb3d8bbwe?ms-resource://Microsoft.WindowsTerminal/Resources/AppStoreName},Out,Any,,Any,Allow
@{microsoft.windowscommunicationsapps_16005.14326.22301.0_x64__8wekyb3d8bbwe?ms-resource://microsoft.windowscommunicationsapps/hxoutlookintl/AppManifest_OutlookDesktop_DisplayName},In,Any,,Any,Allow
@{microsoft.windowscommunicationsapps_16005.14326.22301.0_x64__8wekyb3d8bbwe?ms-resource://microsoft.windowscommunicationsapps/hxoutlookintl/AppManifest_OutlookDesktop_DisplayName},Out,Any,,Any,Allow
@{Microsoft.BingWeather_4.54.63007.0_x64__8wekyb3d8bbwe?ms-resource://Microsoft.BingWeather/Resources/ApplicationTitleWithBranding},In,Any,,Any,Allow
@{Microsoft.BingWeather_4.54.63007.0_x64__8wekyb3d8bbwe?ms-resource://Microsoft.BingWeather/Resources/ApplicationTitleWithBranding},Out,Any,,Any,Allow
@{Microsoft.StorePurchaseApp_22411.1401.1.0_x64__8wekyb3d8bbwe?ms-resource://Microsoft.StorePurchaseApp/Resources/DisplayTitle},In,Any,,Any,Allow
@{Microsoft.StorePurchaseApp_22411.1401.1.0_x64__8wekyb3d8bbwe?ms-resource://Microsoft.StorePurchaseApp/Resources/DisplayTitle},Out,Any,,Any,Allow
Microsoft Teams (personal),In,UDP,Any,Any,Allow
Microsoft Teams (personal),In,TCP,Any,Any,Allow
duolingo english test.exe,In,UDP,Any,Any,Allow
duolingo english test.exe,In,TCP,Any,Any,Allow
Solitaire & Casual Games,In,Any,,Any,Allow
Solitaire & Casual Games,Out,Any,,Any,Allow
@{Microsoft.OneConnect_5.2411.7018.0_x64__8wekyb3d8bbwe?ms-resource://Microsoft.OneConnect/OneConnectStrings/OneConnect/AppStoreName},In,Any,,Any,Allow
@{Microsoft.OneConnect_5.2411.7018.0_x64__8wekyb3d8bbwe?ms-resource://Microsoft.OneConnect/OneConnectStrings/OneConnect/AppStoreName},Out,Any,,Any,Allow
@{Microsoft.SecHealthUI_1000.27703.1006.0_x64__8wekyb3d8bbwe?ms-resource://Microsoft.SecHealthUI/resources/PackageDisplayName},In,Any,,Any,Allow
@{Microsoft.SecHealthUI_1000.27703.1006.0_x64__8wekyb3d8bbwe?ms-resource://Microsoft.SecHealthUI/resources/PackageDisplayName},Out,Any,,Any,Allow
Prime Video for Windows,Out,Any,,Any,Allow
@{Microsoft.Getstarted_10.2312.1.0_x64__8wekyb3d8bbwe?ms-resource://Microsoft.Getstarted/Resources/AppStoreName},Out,Any,,Any,Allow
@{MicrosoftWindows.Client.CBS_1000.22700.1055.0_x64__cw5n1h2txyewy?ms-resource://MicrosoftWindows.Client.CBS/resources/ProductPkgDisplayName},In,Any,,Any,Allow
@{MicrosoftWindows.Client.CBS_1000.22700.1055.0_x64__cw5n1h2txyewy?ms-resource://MicrosoftWindows.Client.CBS/resources/ProductPkgDisplayName},Out,Any,,Any,Allow
@{Microsoft.Windows.OOBENetworkCaptivePortal_10.0.21302.1000_neutral__cw5n1h2txyewy?ms-resource://Microsoft.Windows.OOBENetworkCaptivePortal/Resources/AppDisplayName},Out,Any,,Any,Allow
@{Microsoft.OneConnect_5.2411.7018.0_x64__8wekyb3d8bbwe?ms-resource://Microsoft.OneConnect/OneConnectStrings/OneConnect/AppStoreName},In,Any,,Any,Allow
@{Microsoft.OneConnect_5.2411.7018.0_x64__8wekyb3d8bbwe?ms-resource://Microsoft.OneConnect/OneConnectStrings/OneConnect/AppStoreName},Out,Any,,Any,Allow
Visual Studio Code,In,UDP,Any,Any,Allow
Visual Studio Code,In,TCP,Any,Any,Allow
@{Microsoft.WindowsFeedbackHub_1.2411.17101.0_x64__8wekyb3d8bbwe?ms-resource://Microsoft.WindowsFeedbackHub/Resources/AppStoreName},In,Any,,Any,Allow
@{Microsoft.WindowsFeedbackHub_1.2411.17101.0_x64__8wekyb3d8bbwe?ms-resource://Microsoft.WindowsFeedbackHub/Resources/AppStoreName},Out,Any,,Any,Allow
@{MicrosoftWindows.Client.Core_1000.22700.1012.0_x64__cw5n1h2txyewy?ms-resource://MicrosoftWindows.Client.Core/resources/ProductPkgDisplayName},In,Any,,Any,Allow
@{MicrosoftWindows.Client.Core_1000.22700.1012.0_x64__cw5n1h2txyewy?ms-resource://MicrosoftWindows.Client.Core/resources/ProductPkgDisplayName},Out,Any,,Any,Allow
@{MicrosoftWindows.Client.Core_1000.22700.1012.0_x64__cw5n1h2txyewy?ms-resource://MicrosoftWindows.Client.Core/resources/ProductPkgDisplayName},In,Any,,Any,Allow
@{MicrosoftWindows.Client.Core_1000.22700.1012.0_x64__cw5n1h2txyewy?ms-resource://MicrosoftWindows.Client.Core/resources/ProductPkgDisplayName},Out,Any,,Any,Allow
@{Microsoft.Windows.OOBENetworkCaptivePortal_10.0.21302.1000_neutral__cw5n1h2txyewy?ms-resource://Microsoft.Windows.OOBENetworkCaptivePortal/Resources/AppDisplayName},Out,Any,,Any,Allow
Visual Studio Code,In,UDP,Any,Any,Allow
Visual Studio Code,In,TCP,Any,Any,Allow
@{AppUp.IntelGraphicsExperience_1.100.5688.0_x64__8j3eq9eme6ctt?ms-resource://AppUp.IntelGraphicsExperience/Resources/System_Item_Title_IntelGraphicsControlPanel},Out,Any,,Any,Allow
@{Microsoft.GetHelp_10.2409.22951.0_x64__8wekyb3d8bbwe?ms-resource://Microsoft.GetHelp/Resources/appDisplayName},Out,Any,,Any,Allow
Skype,Out,UDP,Any,Any,Allow
Skype,In,UDP,Any,Any,Allow
Skype,Out,TCP,Any,Any,Allow
Skype,In,TCP,Any,Any,Allow
@{SpotifyAB.SpotifyMusic_1.249.439.0_x64__zpdnekdrzrea0?ms-resource://SpotifyAB.SpotifyMusic/Resources/AppTitle},Out,Any,,Any,Allow
@{Microsoft.Windows.StartMenuExperienceHost_10.0.22621.4249_neutral_neutral_cw5n1h2txyewy?ms-resource://Microsoft.Windows.StartMenuExperienceHost/StartMenuExperienceHost/PkgDisplayName},In,Any,,Any,Allow
@{Microsoft.Windows.StartMenuExperienceHost_10.0.22621.4249_neutral_neutral_cw5n1h2txyewy?ms-resource://Microsoft.Windows.StartMenuExperienceHost/StartMenuExperienceHost/PkgDisplayName},Out,Any,,Any,Allow
@{Microsoft.Windows.OOBENetworkCaptivePortal_10.0.21302.1000_neutral__cw5n1h2txyewy?ms-resource://Microsoft.Windows.OOBENetworkCaptivePortal/Resources/AppDisplayName},Out,Any,,Any,Allow
@{Microsoft.WindowsSoundRecorder_11.2408.6.0_x64__8wekyb3d8bbwe?ms-resource://Microsoft.WindowsSoundRecorder/Resources/AppStoreName},Out,Any,,Any,Allow
@{Microsoft.Windows.OOBENetworkCaptivePortal_10.0.21302.1000_neutral__cw5n1h2txyewy?ms-resource://Microsoft.Windows.OOBENetworkCaptivePortal/Resources/AppDisplayName},Out,Any,,Any,Allow
@{Microsoft.Windows.OOBENetworkCaptivePortal_10.0.21302.1000_neutral__cw5n1h2txyewy?ms-resource://Microsoft.Windows.OOBENetworkCaptivePortal/Resources/AppDisplayName},Out,Any,,Any,Allow
@{Microsoft.Windows.OOBENetworkCaptivePortal_10.0.21302.1000_neutral__cw5n1h2txyewy?ms-resource://Microsoft.Windows.OOBENetworkCaptivePortal/Resources/AppDisplayName},Out,Any,,Any,Allow
@{MicrosoftWindows.Client.LKG_1000.22621.3880.0_x64__cw5n1h2txyewy?ms-resource://MicrosoftWindows.Client.LKG/resources/ProductPkgDisplayName},In,Any,,Any,Allow
@{MicrosoftWindows.Client.LKG_1000.22621.3880.0_x64__cw5n1h2txyewy?ms-resource://MicrosoftWindows.Client.LKG/resources/ProductPkgDisplayName},Out,Any,,Any,Allow
@{Microsoft.Windows.OOBENetworkCaptivePortal_10.0.21302.1000_neutral__cw5n1h2txyewy?ms-resource://Microsoft.Windows.OOBENetworkCaptivePortal/Resources/AppDisplayName},Out,Any,,Any,Allow
@{Microsoft.XboxIdentityProvider_12.115.1001.0_x64__8wekyb3d8bbwe?ms-resource://Microsoft.XboxIdentityProvider/Resources/DisplayName},Out,Any,,Any,Allow
@{Microsoft.Windows.OOBENetworkCaptivePortal_10.0.21302.1000_neutral__cw5n1h2txyewy?ms-resource://Microsoft.Windows.OOBENetworkCaptivePortal/Resources/AppDisplayName},Out,Any,,Any,Allow
@{MicrosoftWindows.Client.FileExp_1000.22700.1000.0_x64__cw5n1h2txyewy?ms-resource://MicrosoftWindows.Client.FileExp/resources/ProductPkgDisplayName},Out,Any,,Any,Allow
@{Microsoft.Windows.OOBENetworkCaptivePortal_10.0.21302.1000_neutral__cw5n1h2txyewy?ms-resource://Microsoft.Windows.OOBENetworkCaptivePortal/Resources/AppDisplayName},Out,Any,,Any,Allow
@{Microsoft.Windows.OOBENetworkCaptivePortal_10.0.21302.1000_neutral__cw5n1h2txyewy?ms-resource://Microsoft.Windows.OOBENetworkCaptivePortal/Resources/AppDisplayName},Out,Any,,Any,Allow
@{Microsoft.Windows.OOBENetworkCaptivePortal_10.0.21302.1000_neutral__cw5n1h2txyewy?ms-resource://Microsoft.Windows.OOBENetworkCaptivePortal/Resources/AppDisplayName},Out,Any,,Any,Allow
python.exe,In,UDP,Any,Any,Allow
python.exe,In,TCP,Any,Any,Allow
Visual Studio Code,In,UDP,Any,Any,Block
Visual Studio Code,In,TCP,Any,Any,Block
packettracer6,In,UDP,Any,Any,Allow
packettracer6,In,TCP,Any,Any,Allow
FileZilla Server,In,UDP,Any,Any,Allow
FileZilla Server,In,TCP,Any,Any,Allow
@{Microsoft.Todos_0.114.7122.0_x64__8wekyb3d8bbwe?ms-resource://Microsoft.Todos/Resources/app_name_ms_todo},In,Any,,Any,Allow
@{Microsoft.Todos_0.114.7122.0_x64__8wekyb3d8bbwe?ms-resource://Microsoft.Todos/Resources/app_name_ms_todo},Out,Any,,Any,Allow
@{Microsoft.Windows.OOBENetworkCaptivePortal_10.0.21302.1000_neutral__cw5n1h2txyewy?ms-resource://Microsoft.Windows.OOBENetworkCaptivePortal/Resources/AppDisplayName},Out,Any,,Any,Allow
@{Microsoft.Windows.OOBENetworkCaptivePortal_10.0.21302.1000_neutral__cw5n1h2txyewy?ms-resource://Microsoft.Windows.OOBENetworkCaptivePortal/Resources/AppDisplayName},Out,Any,,Any,Allow
@{Microsoft.Windows.OOBENetworkCaptivePortal_10.0.21302.1000_neutral__cw5n1h2txyewy?ms-resource://Microsoft.Windows.OOBENetworkCaptivePortal/Resources/AppDisplayName},Out,Any,,Any,Allow
@{Microsoft.Windows.OOBENetworkCaptivePortal_10.0.21302.1000_neutral__cw5n1h2txyewy?ms-resource://Microsoft.Windows.OOBENetworkCaptivePortal/Resources/AppDisplayName},Out,Any,,Any,Allow
@{Microsoft.People_10.2202.100.0_x64__8wekyb3d8bbwe?ms-resource://Microsoft.People/Resources/AppStoreName},Out,Any,,Any,Allow
@{Microsoft.LockApp_10.0.22621.3235_neutral__cw5n1h2txyewy?ms-resource://Microsoft.LockApp/resources/AppDisplayName},Out,Any,,Any,Allow
@{Microsoft.Windows.OOBENetworkCaptivePortal_10.0.21302.1000_neutral__cw5n1h2txyewy?ms-resource://Microsoft.Windows.OOBENetworkCaptivePortal/Resources/AppDisplayName},Out,Any,,Any,Allow
@{Microsoft.Windows.OOBENetworkCaptivePortal_10.0.21302.1000_neutral__cw5n1h2txyewy?ms-resource://Microsoft.Windows.OOBENetworkCaptivePortal/Resources/AppDisplayName},Out,Any,,Any,Allow
@{Microsoft.Windows.OOBENetworkCaptivePortal_10.0.21302.1000_neutral__cw5n1h2txyewy?ms-resource://Microsoft.Windows.OOBENetworkCaptivePortal/Resources/AppDisplayName},Out,Any,,Any,Allow
@{Microsoft.Windows.OOBENetworkCaptivePortal_10.0.21302.1000_neutral__cw5n1h2txyewy?ms-resource://Microsoft.Windows.OOBENetworkCaptivePortal/Resources/AppDisplayName},Out,Any,,Any,Allow
@{Microsoft.Windows.OOBENetworkCaptivePortal_10.0.21302.1000_neutral__cw5n1h2txyewy?ms-resource://Microsoft.Windows.OOBENetworkCaptivePortal/Resources/AppDisplayName},Out,Any,,Any,Allow
@{Microsoft.Windows.OOBENetworkCaptivePortal_10.0.21302.1000_neutral__cw5n1h2txyewy?ms-resource://Microsoft.Windows.OOBENetworkCaptivePortal/Resources/AppDisplayName},Out,Any,,Any,Allow
Intelr OptaneT Memory and Storage Management,Out,Any,,Any,Allow
@{Microsoft.Messaging_5.1901.60431.0_x64__8wekyb3d8bbwe?ms-resource://Microsoft.Messaging/Resources/AppStoreName},In,Any,,Any,Allow
@{Microsoft.Messaging_5.1901.60431.0_x64__8wekyb3d8bbwe?ms-resource://Microsoft.Messaging/Resources/AppStoreName},Out,Any,,Any,Allow
@{Microsoft.Windows.OOBENetworkCaptivePortal_10.0.21302.1000_neutral__cw5n1h2txyewy?ms-resource://Microsoft.Windows.OOBENetworkCaptivePortal/Resources/AppDisplayName},Out,Any,,Any,Allow
@{Microsoft.Windows.OOBENetworkCaptivePortal_10.0.21302.1000_neutral__cw5n1h2txyewy?ms-resource://Microsoft.Windows.OOBENetworkCaptivePortal/Resources/AppDisplayName},Out,Any,,Any,Allow
@{Microsoft.Windows.OOBENetworkCaptivePortal_10.0.21302.1000_neutral__cw5n1h2txyewy?ms-resource://Microsoft.Windows.OOBENetworkCaptivePortal/Resources/AppDisplayName},Out,Any,,Any,Allow
@{Microsoft.Windows.OOBENetworkCaptivePortal_10.0.21302.1000_neutral__cw5n1h2txyewy?ms-resource://Microsoft.Windows.OOBENetworkCaptivePortal/Resources/AppDisplayName},Out,Any,,Any,Allow
@{Microsoft.Windows.OOBENetworkCaptivePortal_10.0.21302.1000_neutral__cw5n1h2txyewy?ms-resource://Microsoft.Windows.OOBENetworkCaptivePortal/Resources/AppDisplayName},Out,Any,,Any,Allow
@{Microsoft.Windows.OOBENetworkCaptivePortal_10.0.21302.1000_neutral__cw5n1h2txyewy?ms-resource://Microsoft.Windows.OOBENetworkCaptivePortal/Resources/AppDisplayName},Out,Any,,Any,Allow
Packet Tracer Executable,In,UDP,Any,Any,Allow
Packet Tracer Executable,In,TCP,Any,Any,Allow
@{Microsoft.Windows.OOBENetworkCaptivePortal_10.0.21302.1000_neutral__cw5n1h2txyewy?ms-resource://Microsoft.Windows.OOBENetworkCaptivePortal/Resources/AppDisplayName},Out,Any,,Any,Allow
@{Microsoft.Windows.OOBENetworkCaptivePortal_10.0.21302.1000_neutral__cw5n1h2txyewy?ms-resource://Microsoft.Windows.OOBENetworkCaptivePortal/Resources/AppDisplayName},Out,Any,,Any,Allow
@{Microsoft.Windows.OOBENetworkCaptivePortal_10.0.21302.1000_neutral__cw5n1h2txyewy?ms-resource://Microsoft.Windows.OOBENetworkCaptivePortal/Resources/AppDisplayName},Out,Any,,Any,Allow
@{Microsoft.Windows.OOBENetworkCaptivePortal_10.0.21302.1000_neutral__cw5n1h2txyewy?ms-resource://Microsoft.Windows.OOBENetworkCaptivePortal/Resources/AppDisplayName},Out,Any,,Any,Allow
@{Microsoft.Windows.OOBENetworkCaptivePortal_10.0.21302.1000_neutral__cw5n1h2txyewy?ms-resource://Microsoft.Windows.OOBENetworkCaptivePortal/Resources/AppDisplayName},Out,Any,,Any,Allow
@{Microsoft.Windows.OOBENetworkCaptivePortal_10.0.21302.1000_neutral__cw5n1h2txyewy?ms-resource://Microsoft.Windows.OOBENetworkCaptivePortal/Resources/AppDisplayName},Out,Any,,Any,Allow
@{Microsoft.Windows.OOBENetworkCaptivePortal_10.0.21302.1000_neutral__cw5n1h2txyewy?ms-resource://Microsoft.Windows.OOBENetworkCaptivePortal/Resources/AppDisplayName},Out,Any,,Any,Allow
@{Microsoft.Windows.OOBENetworkCaptivePortal_10.0.21302.1000_neutral__cw5n1h2txyewy?ms-resource://Microsoft.Windows.OOBENetworkCaptivePortal/Resources/AppDisplayName},Out,Any,,Any,Allow
@{Microsoft.Windows.SecureAssessmentBrowser_10.0.22621.2506_neutral_neutral_cw5n1h2txyewy?ms-resource://Microsoft.Windows.SecureAssessmentBrowser/Resources/PackageDisplayName},Out,Any,,Any,Allow
@{Microsoft.Windows.ContentDeliveryManager_10.0.22621.2506_neutral_neutral_cw5n1h2txyewy?ms-resource://Microsoft.Windows.ContentDeliveryManager/resources/AppDisplayName},Out,Any,,Any,Allow
@{Microsoft.Windows.CloudExperienceHost_10.0.22621.2506_neutral_neutral_cw5n1h2txyewy?ms-resource://Microsoft.Windows.CloudExperienceHost/resources/appDescription},In,Any,,Any,Allow
@{Microsoft.Windows.CloudExperienceHost_10.0.22621.2506_neutral_neutral_cw5n1h2txyewy?ms-resource://Microsoft.Windows.CloudExperienceHost/resources/appDescription},Out,Any,,Any,Allow
@{Microsoft.Windows.OOBENetworkCaptivePortal_10.0.21302.1000_neutral__cw5n1h2txyewy?ms-resource://Microsoft.Windows.OOBENetworkCaptivePortal/Resources/AppDisplayName},Out,Any,,Any,Allow
@{Microsoft.Windows.OOBENetworkCaptivePortal_10.0.21302.1000_neutral__cw5n1h2txyewy?ms-resource://Microsoft.Windows.OOBENetworkCaptivePortal/Resources/AppDisplayName},Out,Any,,Any,Allow
@{Microsoft.Windows.OOBENetworkCaptivePortal_10.0.21302.1000_neutral__cw5n1h2txyewy?ms-resource://Microsoft.Windows.OOBENetworkCaptivePortal/Resources/AppDisplayName},Out,Any,,Any,Allow
@{Microsoft.Windows.OOBENetworkCaptivePortal_10.0.21302.1000_neutral__cw5n1h2txyewy?ms-resource://Microsoft.Windows.OOBENetworkCaptivePortal/Resources/AppDisplayName},Out,Any,,Any,Allow
@{Microsoft.Windows.OOBENetworkCaptivePortal_10.0.21302.1000_neutral__cw5n1h2txyewy?ms-resource://Microsoft.Windows.OOBENetworkCaptivePortal/Resources/AppDisplayName},Out,Any,,Any,Allow
@{Microsoft.Windows.OOBENetworkCaptivePortal_10.0.21302.1000_neutral__cw5n1h2txyewy?ms-resource://Microsoft.Windows.OOBENetworkCaptivePortal/Resources/AppDisplayName},Out,Any,,Any,Allow
@{Microsoft.Windows.OOBENetworkCaptivePortal_10.0.21302.1000_neutral__cw5n1h2txyewy?ms-resource://Microsoft.Windows.OOBENetworkCaptivePortal/Resources/AppDisplayName},Out,Any,,Any,Allow
@{Microsoft.Windows.OOBENetworkCaptivePortal_10.0.21302.1000_neutral__cw5n1h2txyewy?ms-resource://Microsoft.Windows.OOBENetworkCaptivePortal/Resources/AppDisplayName},Out,Any,,Any,Allow
@{Microsoft.Windows.OOBENetworkCaptivePortal_10.0.21302.1000_neutral__cw5n1h2txyewy?ms-resource://Microsoft.Windows.OOBENetworkCaptivePortal/Resources/AppDisplayName},Out,Any,,Any,Allow
@{Microsoft.Windows.OOBENetworkCaptivePortal_10.0.21302.1000_neutral__cw5n1h2txyewy?ms-resource://Microsoft.Windows.OOBENetworkCaptivePortal/Resources/AppDisplayName},Out,Any,,Any,Allow
@{Microsoft.Windows.OOBENetworkCaptivePortal_10.0.21302.1000_neutral__cw5n1h2txyewy?ms-resource://Microsoft.Windows.OOBENetworkCaptivePortal/Resources/AppDisplayName},Out,Any,,Any,Allow
@{Microsoft.Windows.OOBENetworkCaptivePortal_10.0.21302.1000_neutral__cw5n1h2txyewy?ms-resource://Microsoft.Windows.OOBENetworkCaptivePortal/Resources/AppDisplayName},Out,Any,,Any,Allow
mysqld,In,UDP,Any,Any,Allow
mysqld,In,TCP,Any,Any,Allow
@{Microsoft.Windows.OOBENetworkCaptivePortal_10.0.21302.1000_neutral__cw5n1h2txyewy?ms-resource://Microsoft.Windows.OOBENetworkCaptivePortal/Resources/AppDisplayName},Out,Any,,Any,Allow
@{Microsoft.Windows.OOBENetworkCaptivePortal_10.0.21302.1000_neutral__cw5n1h2txyewy?ms-resource://Microsoft.Windows.OOBENetworkCaptivePortal/Resources/AppDisplayName},Out,Any,,Any,Allow
@{Microsoft.Windows.OOBENetworkCaptivePortal_10.0.21302.1000_neutral__cw5n1h2txyewy?ms-resource://Microsoft.Windows.OOBENetworkCaptivePortal/Resources/AppDisplayName},Out,Any,,Any,Allow
@{Microsoft.Windows.OOBENetworkCaptivePortal_10.0.21302.1000_neutral__cw5n1h2txyewy?ms-resource://Microsoft.Windows.OOBENetworkCaptivePortal/Resources/AppDisplayName},Out,Any,,Any,Allow
@{Microsoft.Windows.OOBENetworkCaptivePortal_10.0.21302.1000_neutral__cw5n1h2txyewy?ms-resource://Microsoft.Windows.OOBENetworkCaptivePortal/Resources/AppDisplayName},Out,Any,,Any,Allow
@{Microsoft.Windows.OOBENetworkCaptivePortal_10.0.21302.1000_neutral__cw5n1h2txyewy?ms-resource://Microsoft.Windows.OOBENetworkCaptivePortal/Resources/AppDisplayName},Out,Any,,Any,Allow
@{Microsoft.Windows.OOBENetworkCaptivePortal_10.0.21302.1000_neutral__cw5n1h2txyewy?ms-resource://Microsoft.Windows.OOBENetworkCaptivePortal/Resources/AppDisplayName},Out,Any,,Any,Allow
Apache HTTP Server,In,UDP,Any,Any,Allow
Apache HTTP Server,In,TCP,Any,Any,Allow
@{Microsoft.Windows.OOBENetworkCaptivePortal_10.0.21302.1000_neutral__cw5n1h2txyewy?ms-resource://Microsoft.Windows.OOBENetworkCaptivePortal/Resources/AppDisplayName},Out,Any,,Any,Allow
@{Microsoft.Windows.OOBENetworkCaptivePortal_10.0.21302.1000_neutral__cw5n1h2txyewy?ms-resource://Microsoft.Windows.OOBENetworkCaptivePortal/Resources/AppDisplayName},Out,Any,,Any,Allow
@{Microsoft.Windows.OOBENetworkCaptivePortal_10.0.21302.1000_neutral__cw5n1h2txyewy?ms-resource://Microsoft.Windows.OOBENetworkCaptivePortal/Resources/AppDisplayName},Out,Any,,Any,Allow
@{Microsoft.Windows.OOBENetworkCaptivePortal_10.0.21302.1000_neutral__cw5n1h2txyewy?ms-resource://Microsoft.Windows.OOBENetworkCaptivePortal/Resources/AppDisplayName},Out,Any,,Any,Allow
@{Microsoft.Windows.OOBENetworkCaptivePortal_10.0.21302.1000_neutral__cw5n1h2txyewy?ms-resource://Microsoft.Windows.OOBENetworkCaptivePortal/Resources/AppDisplayName},Out,Any,,Any,Allow
@{Microsoft.Windows.OOBENetworkCaptivePortal_10.0.21302.1000_neutral__cw5n1h2txyewy?ms-resource://Microsoft.Windows.OOBENetworkCaptivePortal/Resources/AppDisplayName},Out,Any,,Any,Allow
@{Microsoft.Windows.OOBENetworkCaptivePortal_10.0.21302.1000_neutral__cw5n1h2txyewy?ms-resource://Microsoft.Windows.OOBENetworkCaptivePortal/Resources/AppDisplayName},Out,Any,,Any,Allow
@{Microsoft.Windows.OOBENetworkCaptivePortal_10.0.21302.1000_neutral__cw5n1h2txyewy?ms-resource://Microsoft.Windows.OOBENetworkCaptivePortal/Resources/AppDisplayName},Out,Any,,Any,Allow
@{Microsoft.Windows.OOBENetworkCaptivePortal_10.0.21302.1000_neutral__cw5n1h2txyewy?ms-resource://Microsoft.Windows.OOBENetworkCaptivePortal/Resources/AppDisplayName},Out,Any,,Any,Allow
@{Microsoft.XboxApp_48.104.4001.0_x64__8wekyb3d8bbwe?ms-resource://Microsoft.XboxApp/XboxApp.Resource/Resources/App_Title},Out,Any,,Any,Allow
@{Microsoft.BingNews_4.55.62231.0_x64__8wekyb3d8bbwe?ms-resource://Microsoft.BingNews/Resources/ApplicationTitleWithTagline},Out,Any,,Any,Allow
@{Microsoft.Windows.OOBENetworkCaptivePortal_10.0.21302.1000_neutral__cw5n1h2txyewy?ms-resource://Microsoft.Windows.OOBENetworkCaptivePortal/Resources/AppDisplayName},Out,Any,,Any,Allow
@{Microsoft.Windows.OOBENetworkCaptivePortal_10.0.21302.1000_neutral__cw5n1h2txyewy?ms-resource://Microsoft.Windows.OOBENetworkCaptivePortal/Resources/AppDisplayName},Out,Any,,Any,Allow
@{Microsoft.Windows.OOBENetworkCaptivePortal_10.0.21302.1000_neutral__cw5n1h2txyewy?ms-resource://Microsoft.Windows.OOBENetworkCaptivePortal/Resources/AppDisplayName},Out,Any,,Any,Allow
@{Microsoft.Windows.OOBENetworkCaptivePortal_10.0.21302.1000_neutral__cw5n1h2txyewy?ms-resource://Microsoft.Windows.OOBENetworkCaptivePortal/Resources/AppDisplayName},Out,Any,,Any,Allow
@{Microsoft.Windows.OOBENetworkCaptivePortal_10.0.21302.1000_neutral__cw5n1h2txyewy?ms-resource://Microsoft.Windows.OOBENetworkCaptivePortal/Resources/AppDisplayName},Out,Any,,Any,Allow
@{Microsoft.Windows.OOBENetworkCaptivePortal_10.0.21302.1000_neutral__cw5n1h2txyewy?ms-resource://Microsoft.Windows.OOBENetworkCaptivePortal/Resources/AppDisplayName},Out,Any,,Any,Allow
@{Microsoft.Windows.OOBENetworkCaptivePortal_10.0.21302.1000_neutral__cw5n1h2txyewy?ms-resource://Microsoft.Windows.OOBENetworkCaptivePortal/Resources/AppDisplayName},Out,Any,,Any,Allow
@{Microsoft.Windows.OOBENetworkCaptivePortal_10.0.21302.1000_neutral__cw5n1h2txyewy?ms-resource://Microsoft.Windows.OOBENetworkCaptivePortal/Resources/AppDisplayName},Out,Any,,Any,Allow
IntelliJ IDEA Community Edition 2023.1.4,In,UDP,Any,Any,Block
IntelliJ IDEA Community Edition 2023.1.4,In,TCP,Any,Any,Block
@{Microsoft.AccountsControl_10.0.22621.1_neutral__cw5n1h2txyewy?ms-resource://Microsoft.AccountsControl/Resources/DisplayName},Out,Any,,Any,Allow
@{Microsoft.XboxGameCallableUI_1000.22621.1.0_neutral_neutral_cw5n1h2txyewy?ms-resource://Microsoft.XboxGameCallableUI/resources/PkgDisplayName},Out,Any,,Any,Allow
@{Microsoft.Windows.ParentalControls_1000.22621.1.0_neutral_neutral_cw5n1h2txyewy?ms-resource://Microsoft.Windows.ParentalControls/resources/DisplayName},Out,Any,,Any,Allow
@{Microsoft.Windows.PeopleExperienceHost_10.0.22621.1_neutral_neutral_cw5n1h2txyewy?ms-resource://Microsoft.Windows.PeopleExperienceHost/resources/PkgDisplayName},Out,Any,,Any,Allow
@{Microsoft.Windows.NarratorQuickStart_10.0.22621.1_neutral_neutral_8wekyb3d8bbwe?ms-resource://Microsoft.Windows.NarratorQuickStart/Resources/AppDisplayName},Out,Any,,Any,Allow
@{Microsoft.Win32WebViewHost_10.0.22621.1_neutral_neutral_cw5n1h2txyewy?ms-resource://Windows.Win32WebViewHost/resources/DisplayName},In,Any,,Any,Allow
@{Microsoft.Win32WebViewHost_10.0.22621.1_neutral_neutral_cw5n1h2txyewy?ms-resource://Windows.Win32WebViewHost/resources/DisplayName},Out,Any,,Any,Allow
@{Microsoft.Windows.Apprep.ChxApp_1000.22621.1.0_neutral_neutral_cw5n1h2txyewy?ms-resource://Microsoft.Windows.Apprep.ChxApp/resources/DisplayName},Out,Any,,Any,Allow
NcsiUwpApp,Out,Any,,Any,Allow
@{Microsoft.Windows.OOBENetworkCaptivePortal_10.0.21302.1000_neutral__cw5n1h2txyewy?ms-resource://Microsoft.Windows.OOBENetworkCaptivePortal/Resources/AppDisplayName},Out,Any,,Any,Allow
@{Microsoft.AAD.BrokerPlugin_1000.19580.1000.0_neutral_neutral_cw5n1h2txyewy?ms-resource://Microsoft.AAD.BrokerPlugin/resources/PackageDisplayName},In,Any,,Any,Allow
@{Microsoft.AAD.BrokerPlugin_1000.19580.1000.0_neutral_neutral_cw5n1h2txyewy?ms-resource://Microsoft.AAD.BrokerPlugin/resources/PackageDisplayName},Out,Any,,Any,Allow
@{Microsoft.Windows.OOBENetworkCaptivePortal_10.0.21302.1000_neutral__cw5n1h2txyewy?ms-resource://Microsoft.Windows.OOBENetworkCaptivePortal/Resources/AppDisplayName},Out,Any,,Any,Allow
windows_ie_ac_001,Out,Any,,Any,Allow
Print 3D,In,Any,,Any,Allow
Print 3D,Out,Any,,Any,Allow
@{Microsoft.MixedReality.Portal_2000.21051.1282.0_x64__8wekyb3d8bbwe?ms-resource://Microsoft.MixedReality.Portal/Resources/PkgDisplayName},Out,Any,,Any,Allow
Xbox TCUI,Out,Any,,Any,Allow
Xbox Game Bar Plugin,Out,Any,,Any,Allow
@{Microsoft.Windows.ContentDeliveryManager_10.0.18362.387_neutral_neutral_cw5n1h2txyewy?ms-resource://Microsoft.Windows.ContentDeliveryManager/resources/AppDisplayName},Out,Any,,Any,Allow
@{Microsoft.Windows.CloudExperienceHost_10.0.18362.387_neutral_neutral_cw5n1h2txyewy?ms-resource://Microsoft.Windows.CloudExperienceHost/resources/appDescription},In,Any,,Any,Allow
@{Microsoft.Windows.CloudExperienceHost_10.0.18362.387_neutral_neutral_cw5n1h2txyewy?ms-resource://Microsoft.Windows.CloudExperienceHost/resources/appDescription},Out,Any,,Any,Allow
@{Microsoft.AAD.BrokerPlugin_1000.18362.387.0_neutral_neutral_cw5n1h2txyewy?ms-resource://Microsoft.AAD.BrokerPlugin/resources/PackageDisplayName},In,Any,,Any,Allow
@{Microsoft.AAD.BrokerPlugin_1000.18362.387.0_neutral_neutral_cw5n1h2txyewy?ms-resource://Microsoft.AAD.BrokerPlugin/resources/PackageDisplayName},Out,Any,,Any,Allow
@{Microsoft.Windows.StartMenuExperienceHost_10.0.18362.387_neutral_neutral_cw5n1h2txyewy?ms-resource://Microsoft.Windows.StartMenuExperienceHost/StartMenuExperienceHost/PkgDisplayName},In,Any,,Any,Allow
@{Microsoft.Windows.StartMenuExperienceHost_10.0.18362.387_neutral_neutral_cw5n1h2txyewy?ms-resource://Microsoft.Windows.StartMenuExperienceHost/StartMenuExperienceHost/PkgDisplayName},Out,Any,,Any,Allow
@{Microsoft.Windows.ShellExperienceHost_10.0.18362.387_neutral_neutral_cw5n1h2txyewy?ms-resource://Microsoft.Windows.ShellExperienceHost/resources/PkgDisplayName},In,Any,,Any,Allow
@{Microsoft.Windows.ShellExperienceHost_10.0.18362.387_neutral_neutral_cw5n1h2txyewy?ms-resource://Microsoft.Windows.ShellExperienceHost/resources/PkgDisplayName},Out,Any,,Any,Allow
@{Microsoft.Windows.OOBENetworkCaptivePortal_10.0.19041.1023_neutral__cw5n1h2txyewy?ms-resource://Microsoft.Windows.OOBENetworkCaptivePortal/Resources/AppDisplayName},Out,Any,,Any,Allow
@{Microsoft.Windows.SecHealthUI_10.0.19041.1865_neutral__cw5n1h2txyewy?ms-resource://Microsoft.Windows.SecHealthUI/resources/PackageDisplayName},Out,Any,,Any,Allow
@{Microsoft.Windows.SecHealthUI_10.0.19041.1865_neutral__cw5n1h2txyewy?ms-resource://Microsoft.Windows.SecHealthUI/resources/PackageDisplayName},In,Any,,Any,Allow
Advanced TCP/IP Port Installer,In,TCP,Any,Any,Allow
Advanced TCP/IP Port Installer,In,UDP,Any,Any,Allow
Advanced TCP/IP Printer Port,In,TCP,9100,Any,Allow
Advanced TCP/IP SLP Port,In,TCP,427,Any,Allow
Advanced TCP/IP SNMP Port,In,TCP,161,Any,Allow
Zoom Video Meeting,In,UDP,7200-17210,Any,Allow
Airhost service for Zoom Video Meetings,In,TCP,"5000,7000,7100,50000,7200-17210,8888",Any,Allow
Airhost service for Zoom Video Meetings,In,UDP,"5353,7200-17210,8889",Any,Allow
@{Microsoft.Windows.Search_1.14.10.19041_neutral_neutral_cw5n1h2txyewy?ms-resource://Microsoft.Windows.Search/resources/PackageDisplayName},Out,Any,,Any,Allow
@{Microsoft.Windows.Search_1.14.10.19041_neutral_neutral_cw5n1h2txyewy?ms-resource://Microsoft.Windows.Search/resources/PackageDisplayName},In,Any,,Any,Allow
Media Center Extenders - qWave (TCP-In),In,TCP,2177,LocalSubnet,Allow
Windows Media Player Network Sharing Service (TCP-Out),Out,TCP,Any,Any,Allow
Windows Media Player Network Sharing Service (qWave-UDP-In),In,UDP,2177,Any,Allow
BranchCache Peer Discovery (WSD-Out),Out,UDP,Any,LocalSubnet,Allow
Windows Media Player (TCP-Out),Out,TCP,Any,Any,Allow
Windows Media Player (UDP-Out),Out,UDP,Any,Any,Allow
BranchCache Content Retrieval (HTTP-In),In,TCP,80,Any,Allow
Windows Media Player Network Sharing Service (HTTP-Streaming-In),In,TCP,10243,Any,Allow
Windows Media Player Network Sharing Service (Streaming-UDP-Out),Out,UDP,Any,LocalSubnet,Allow
Cast to Device streaming server (RTSP-Streaming-In),In,TCP,"23554,23555,23556",Any,Allow
Cast to Device streaming server (HTTP-Streaming-In),In,TCP,10246,Any,Allow
Cast to Device streaming server (HTTP-Streaming-In),In,TCP,10246,Any,Allow
Windows Media Player x86 (TCP-Out),Out,TCP,Any,Any,Allow
Windows Media Player x86 (UDP-Out),Out,UDP,Any,Any,Allow
Media Center Extenders - Media Streaming (TCP-Out),Out,TCP,Any,LocalSubnet,Allow
Media Center Extenders - SSDP (UDP-Out),Out,UDP,Any,LocalSubnet,Allow
BranchCache Content Retrieval (HTTP-Out),Out,TCP,Any,Any,Allow
Remote Desktop - User Mode (UDP-In),In,UDP,3389,Any,Allow
Remote Desktop - User Mode (TCP-In),In,TCP,3389,Any,Allow
Media Center Extenders - Media Streaming (TCP-In),In,TCP,2869,LocalSubnet,Allow
Key Management Service (TCP-In),In,TCP,1688,Any,Allow
Cast to Device streaming server (RTCP-Streaming-In),In,UDP,Any,Any,Allow
Windows Media Player Network Sharing Service (UDP-Out),Out,UDP,Any,Any,Allow
Cast to Device streaming server (RTSP-Streaming-In),In,TCP,"23554,23555,23556",LocalSubnet,Allow
Media Center Extenders - Media Streaming (UDP-Out),Out,UDP,1900,LocalSubnet,Allow
Media Center Extenders - WMDRM-ND/RTP/RTCP (UDP-Out),Out,UDP,Any,LocalSubnet,Allow
Media Center Extenders - RTSP (TCP-Out),Out,TCP,Any,LocalSubnet,Allow
Cast to Device UPnP Events (TCP-In),In,TCP,2869,Any,Allow
Wireless Portable Devices (UPnPHost-Out),Out,TCP,Any,LocalSubnet,Allow
Wireless Portable Devices (SSDP-Out),Out,UDP,Any,LocalSubnet,Allow
Cast to Device streaming server (RTP-Streaming-Out),Out,UDP,Any,Any,Allow
Wireless Portable Devices (SSDP-In),In,UDP,1900,LocalSubnet,Allow
Media Center Extenders - Device Validation (TCP-Out),Out,TCP,Any,Any,Allow
Cast to Device SSDP Discovery (UDP-In),In,UDP,Ply2Disc,Any,Allow
BranchCache Hosted Cache Client (HTTP-Out),Out,TCP,Any,Any,Allow
Windows Media Player Network Sharing Service (TCP-Out),Out,TCP,Any,LocalSubnet,Allow
Media Center Extenders - Service (TCP-Out),Out,TCP,Any,LocalSubnet,Allow
Media Center Extenders - UPnP (TCP-Out),Out,TCP,Any,LocalSubnet,Allow
Windows Media Player Network Sharing Service (qWave-TCP-Out),Out,TCP,Any,Any,Allow
Windows Media Player Network Sharing Service (qWave-UDP-Out),Out,UDP,Any,Any,Allow
Remote Desktop - Shadow (TCP-In),In,TCP,Any,Any,Allow
Media Center Extenders - SSDP (UDP-In),In,UDP,1900,LocalSubnet,Allow
Cast to Device functionality (qWave-TCP-In),In,TCP,2177,Any,Allow
Cast to Device streaming server (HTTP-Streaming-In),In,TCP,10246,LocalSubnet,Allow
Windows Media Player Network Sharing Service (qWave-UDP-Out),Out,UDP,Any,LocalSubnet,Allow
Windows Media Player Network Sharing Service (HTTP-Streaming-In),In,TCP,10243,LocalSubnet,Allow
Windows Media Player Network Sharing Service (UDP-Out),Out,UDP,Any,LocalSubnet,Allow
Wireless Portable Devices (UPnP-Out),Out,TCP,Any,LocalSubnet,Allow
Windows Media Player Network Sharing Service (HTTP-Streaming-Out),Out,TCP,Any,LocalSubnet,Allow
Wireless Portable Devices (UPnP-In),In,TCP,2869,LocalSubnet,Allow
Windows Media Player Network Sharing Service (SSDP-In),In,UDP,1900,LocalSubnet,Allow
File and Printer Sharing over SMBDirect (iWARP-In),In,TCP,5445,Any,Allow
Windows Media Player Network Sharing Service (UPnP-Out),Out,TCP,Any,LocalSubnet,Allow
Windows Media Player Network Sharing Service (Streaming-TCP-Out),Out,TCP,Any,Any,Allow
Windows Media Player Network Sharing Service (qWave-TCP-Out),Out,TCP,Any,LocalSubnet,Allow
Key Management Service (TCP-In),In,TCP,1688,LocalSubnet,Allow
Windows Media Player Network Sharing Service (SSDP-Out),Out,UDP,Any,LocalSubnet,Allow
Media Center Extenders - XSP (TCP-In),In,TCP,3390,LocalSubnet,Allow
Remote Desktop - (TCP-WSS-In),In,TCP,3392,Any,Allow
Cast to Device functionality (qWave-UDP-Out),Out,UDP,Any,Any,Allow
Media Center Extenders - qWave (TCP-Out),Out,TCP,Any,LocalSubnet,Allow
Media Center Extenders - qWave (UDP-Out),Out,UDP,Any,LocalSubnet,Allow
Media Center Extenders - RTSP (TCP-In),In,TCP,"554,8554,8555,8556,8557,8558",LocalSubnet,Allow
Windows Media Player Network Sharing Service (Streaming-UDP-In),In,UDP,Any,LocalSubnet,Allow
Cloud Identity (TCP-Out),Out,TCP,Any,Any,Allow
Windows Media Player Network Sharing Service (HTTP-Streaming-Out),Out,TCP,Any,Any,Allow
Cast to Device functionality (qWave-UDP-In),In,UDP,2177,Any,Allow
Windows Media Player Network Sharing Service (Streaming-UDP-In),In,UDP,Any,Any,Allow
Wireless Portable Devices (TCP-Out),Out,TCP,Any,Any,Allow
Windows Media Player Network Sharing Service (TCP-In),In,TCP,Any,LocalSubnet,Allow
Windows Media Player Network Sharing Service (UDP-In),In,UDP,Any,LocalSubnet,Allow
Windows Media Player x86 (UDP-In),In,UDP,Any,Any,Allow
Media Center Extenders - WMDRM-ND/RTP/RTCP (UDP-In),In,UDP,"7777,7778,7779,7780,7781,5004,5005,50004,50005,50006,50007,50008,50009,50010,50011,50012,50013",LocalSubnet,Allow
Cast to Device streaming server (RTSP-Streaming-In),In,TCP,"23554,23555,23556",Any,Allow
Windows Media Player Network Sharing Service (qWave-TCP-In),In,TCP,2177,Any,Allow
Windows Media Player Network Sharing Service (TCP-In),In,TCP,Any,Any,Allow
Windows Media Player Network Sharing Service (UDP-In),In,UDP,Any,Any,Allow
Windows Media Player Network Sharing Service (UPnPHost-Out),Out,TCP,Any,LocalSubnet,Allow
BranchCache Hosted Cache Server (HTTP-In),In,TCP,"80,443",Any,Allow
Windows Media Player Network Sharing Service (Streaming-UDP-Out),Out,UDP,Any,Any,Allow
Windows Media Player Network Sharing Service (UPnP-In),In,TCP,2869,LocalSubnet,Allow
Cast to Device streaming server (RTCP-Streaming-In),In,UDP,Any,Any,Allow
Windows Media Player Network Sharing Service (qWave-UDP-In),In,UDP,2177,LocalSubnet,Allow
Windows Media Player Network Sharing Service (qWave-TCP-In),In,TCP,2177,LocalSubnet,Allow
Media Center Extenders - Device Provisioning (TCP-Out),Out,TCP,Any,Any,Allow
Cast to Device streaming server (RTP-Streaming-Out),Out,UDP,Any,LocalSubnet,Allow
Cast to Device streaming server (RTP-Streaming-Out),Out,UDP,Any,Any,Allow
Media Center Extenders - qWave (UDP-In),In,UDP,2177,LocalSubnet,Allow
Wireless Portable Devices (TCP-Out),Out,TCP,Any,LocalSubnet,Allow
Media Center Extenders - HTTP Streaming (TCP-In),In,TCP,10244,LocalSubnet,Allow
Cast to Device streaming server (RTCP-Streaming-In),In,UDP,Any,LocalSubnet,Allow
BranchCache Peer Discovery (WSD-In),In,UDP,3702,LocalSubnet,Allow
Remote Desktop - (TCP-WS-In),In,TCP,3387,Any,Allow
Cast to Device functionality (qWave-TCP-Out),Out,TCP,Any,Any,Allow
BranchCache Hosted Cache Server(HTTP-Out),Out,TCP,"80,443",Any,Allow
Windows Media Player (UDP-In),In,UDP,Any,Any,Allow
Windows Media Player Network Sharing Service (Streaming-TCP-Out),Out,TCP,Any,LocalSubnet,Allow
Network Discovery (NB-Name-Out),Out,UDP,Any,Any,Allow
mDNS (UDP-In),In,UDP,5353,LocalSubnet,Allow
Core Networking Diagnostics - ICMP Echo Request (ICMPv6-In),In,ICMPv6,,Any,Allow
Core Networking - Group Policy (TCP-Out),Out,TCP,Any,Any,Allow
Distributed Transaction Coordinator (TCP-In),In,TCP,Any,Any,Allow
Network Discovery (NB-Name-Out),Out,UDP,Any,LocalSubnet,Allow
Routing and Remote Access (GRE-Out),Out,47,,Any,Allow
Network Discovery (UPnPHost-Out),Out,TCP,Any,LocalSubnet,Allow
Windows Remote Management - Compatibility Mode (HTTP-In),In,TCP,80,Any,Allow
Core Networking Diagnostics - ICMP Echo Request (ICMPv4-In),In,ICMPv4,,LocalSubnet,Allow
Remote Assistance (TCP-In),In,TCP,Any,Any,Allow
Windows Peer to Peer Collaboration Foundation (TCP-In),In,TCP,Any,Any,Allow
mDNS (UDP-In),In,UDP,5353,Any,Allow
Core Networking - Time Exceeded (ICMPv6-In),In,ICMPv6,,Any,Allow
Netlogon Service Authz (RPC),In,TCP,RPC,Any,Allow
File and Printer Sharing (LLMNR-UDP-Out),Out,UDP,Any,LocalSubnet,Allow
Windows Management Instrumentation (WMI-Out),Out,TCP,Any,Any,Allow
Remote Volume Management - Virtual Disk Service (RPC),In,TCP,RPC,Any,Allow
Core Networking - Dynamic Host Configuration Protocol for IPv6(DHCPV6-Out),Out,UDP,546,Any,Allow
Distributed Transaction Coordinator (TCP-In),In,TCP,Any,LocalSubnet,Allow
DIAL protocol server (HTTP-In),In,TCP,10247,LocalSubnet,Allow
Secure Socket Tunneling Protocol (SSTP-In),In,TCP,443,Any,Allow
Core Networking Diagnostics - ICMP Echo Request (ICMPv4-In),In,ICMPv4,,Any,Allow
Core Networking - Multicast Listener Report (ICMPv6-In),In,ICMPv6,,LocalSubnet,Allow
Windows Device Management Sync Client (TCP out),Out,TCP,49152-65535,Any,Allow
File and Printer Sharing (LLMNR-UDP-In),In,UDP,5355,LocalSubnet,Allow
Network Discovery (WSD-In),In,UDP,3702,LocalSubnet,Allow
Network Discovery (WSD-Out),Out,UDP,Any,LocalSubnet,Allow
Windows Peer to Peer Collaboration Foundation (SSDP-In),In,UDP,1900,LocalSubnet,Allow
Core Networking - Multicast Listener Query (ICMPv6-In),In,ICMPv6,,LocalSubnet,Allow
Remote Event Log Management (RPC),In,TCP,RPC,Any,Allow
File and Printer Sharing (Echo Request - ICMPv4-In),In,ICMPv4,,Any,Allow
File and Printer Sharing (NB-Datagram-In),In,UDP,138,LocalSubnet,Allow
Remote Volume Management - Virtual Disk Service Loader (RPC),In,TCP,RPC,Any,Allow
Core Networking - Multicast Listener Report v2 (ICMPv6-In),In,ICMPv6,,LocalSubnet,Allow
Windows Management Instrumentation (WMI-In),In,TCP,Any,Any,Allow
File and Printer Sharing (NB-Name-Out),Out,UDP,Any,LocalSubnet,Allow
Network Discovery (Pub-WSD-In),In,UDP,3702,LocalSubnet,Allow
WFD ASP Coordination Protocol (UDP-In),In,UDP,7235,LocalSubnet,Allow
iSCSI Service (TCP-Out),Out,TCP,Any,Any,Allow
Core Networking - Group Policy (NP-Out),Out,TCP,Any,Any,Allow
Core Networking - Internet Group Management Protocol (IGMP-In),In,2,,Any,Allow
Proximity sharing over TCP (TCP sharing-In),In,TCP,Any,Any,Allow
Distributed Transaction Coordinator (RPC),In,TCP,RPC,Any,Allow
Remote Assistance (SSDP TCP-In),In,TCP,2869,LocalSubnet,Allow
Windows Management Instrumentation (DCOM-In),In,TCP,135,Any,Allow
Network Discovery (WSD EventsSecure-Out),Out,TCP,Any,LocalSubnet,Allow
Core Networking Diagnostics - ICMP Echo Request (ICMPv6-Out),Out,ICMPv6,,Any,Allow
Remote Event Log Management (RPC-EPMAP),In,TCP,RPC-EPMap,LocalSubnet,Allow
Network Discovery (UPnP-In),In,TCP,2869,Any,Allow
WFD Driver-only (UDP-Out),Out,UDP,Any,Any,Allow
Core Networking - IPv6 (IPv6-Out),Out,41,,Any,Allow
Performance Logs and Alerts (DCOM-In),In,TCP,135,LocalSubnet,Allow
Windows Collaboration Computer Name Registration Service (SSDP-In),In,UDP,1900,LocalSubnet,Allow
File and Printer Sharing (Echo Request - ICMPv6-In),In,ICMPv6,,Any,Allow
Wireless Display (TCP-In),In,TCP,Any,Any,Allow
Network Discovery (WSD Events-In),In,TCP,5357,LocalSubnet,Allow
Network Discovery (WSD-Out),Out,UDP,Any,LocalSubnet,Allow
Windows Peer to Peer Collaboration Foundation (PNRP-Out),Out,UDP,Any,Any,Allow
Core Networking - Neighbor Discovery Solicitation (ICMPv6-Out),Out,ICMPv6,,Any,Allow
Wi-Fi Direct Network Discovery (In),In,Any,,Any,Allow
Inbound Rule for Remote Shutdown (RPC-EP-In),In,TCP,RPC-EPMap,Any,Allow
Windows Remote Management (HTTP-In),In,TCP,5985,Any,Allow
Performance Logs and Alerts (TCP-In),In,TCP,Any,Any,Allow
Routing and Remote Access (PPTP-Out),Out,TCP,Any,Any,Allow
Network Discovery (NB-Datagram-Out),Out,UDP,Any,Any,Allow
Performance Logs and Alerts (DCOM-In),In,TCP,135,Any,Allow
Network Discovery (SSDP-Out),Out,UDP,Any,LocalSubnet,Allow
mDNS (UDP-Out),Out,UDP,Any,LocalSubnet,Allow
Core Networking Diagnostics - ICMP Echo Request (ICMPv4-Out),Out,ICMPv4,,LocalSubnet,Allow
File and Printer Sharing (Echo Request - ICMPv6-In),In,ICMPv6,,LocalSubnet,Allow
File and Printer Sharing (NB-Session-Out),Out,TCP,Any,Any,Allow
Network Discovery (NB-Datagram-In),In,UDP,138,LocalSubnet,Allow
Remote Scheduled Tasks Management (RPC),In,TCP,RPC,LocalSubnet,Allow
Connected Devices Platform - Wi-Fi Direct Transport (TCP-In),In,TCP,Any,Any,Allow
Network Discovery (WSD EventsSecure-In),In,TCP,5358,LocalSubnet,Allow
Core Networking - Destination Unreachable (ICMPv6-In),In,ICMPv6,,Any,Allow
Wi-Fi Direct Scan Service Use (Out),Out,Any,,Any,Allow
Connected User Experiences and Telemetry,Out,TCP,Any,Any,Allow
WFD Driver-only (TCP-Out),Out,TCP,Any,Any,Allow
Core Networking - Multicast Listener Done (ICMPv6-In),In,ICMPv6,,LocalSubnet,Allow
AllJoyn Router (UDP-In),In,UDP,Any,Any,Allow
AllJoyn Router (TCP-In),In,TCP,9955,Any,Allow
Remote Assistance (PNRP-Out),Out,UDP,Any,Any,Allow
File and Printer Sharing (NB-Datagram-Out),Out,UDP,Any,LocalSubnet,Allow
Network Discovery (WSD Events-Out),Out,TCP,Any,LocalSubnet,Allow
Windows Defender Firewall Remote Management (RPC),In,TCP,RPC,LocalSubnet,Allow
Core Networking - IPHTTPS (TCP-In),In,TCP,IPHTTPS,Any,Allow
Core Networking - Dynamic Host Configuration Protocol (DHCP-Out),Out,UDP,68,Any,Allow
Core Networking - Packet Too Big (ICMPv6-In),In,ICMPv6,,Any,Allow
Routing and Remote Access (L2TP-In),In,UDP,1701,Any,Allow
Proximity sharing over TCP (TCP sharing-Out),Out,TCP,Any,Any,Allow
Network Discovery (LLMNR-UDP-In),In,UDP,5355,LocalSubnet,Allow
TPM Virtual Smart Card Management (TCP-Out),Out,TCP,Any,Any,Allow
Core Networking - Multicast Listener Report (ICMPv6-Out),Out,ICMPv6,,LocalSubnet,Allow
Virtual Machine Monitoring (Echo Request - ICMPv6-In),In,ICMPv6,,Any,Allow
Wi-Fi Direct Network Discovery (Out),Out,Any,,Any,Allow
AllJoyn Router (TCP-Out),Out,TCP,Any,Any,Allow
Remote Assistance (TCP-In),In,TCP,Any,Any,Allow
mDNS (UDP-In),In,UDP,5353,LocalSubnet,Allow
Remote Scheduled Tasks Management (RPC-EPMAP),In,TCP,RPC-EPMap,LocalSubnet,Allow
Connected Devices Platform (TCP-In),In,TCP,Any,Any,Allow
Connected Devices Platform (UDP-In),In,UDP,Any,Any,Allow
Network Discovery (SSDP-In),In,UDP,1900,LocalSubnet,Allow
Virtual Machine Monitoring (Echo Request - ICMPv4-In),In,ICMPv4,,Any,Allow
Netlogon Service (NP-In),In,TCP,445,Any,Allow
Network Discovery (Pub WSD-Out),Out,UDP,Any,LocalSubnet,Allow
Network Discovery for Teredo (UPnP-In),In,TCP,Any,Any,Allow
Network Discovery (LLMNR-UDP-Out),Out,UDP,Any,LocalSubnet,Allow
Network Discovery (WSD EventsSecure-Out),Out,TCP,Any,Any,Allow
Core Networking - Time Exceeded (ICMPv6-Out),Out,ICMPv6,,Any,Allow
Remote Assistance (SSDP UDP-In),In,UDP,1900,LocalSubnet,Allow
TPM Virtual Smart Card Management (TCP-Out),Out,TCP,Any,LocalSubnet,Allow
TPM Virtual Smart Card Management (TCP-In),In,TCP,Any,LocalSubnet,Allow
TPM Virtual Smart Card Management (DCOM-In),In,TCP,135,LocalSubnet,Allow
Remote Volume Management - Virtual Disk Service Loader (RPC),In,TCP,RPC,LocalSubnet,Allow
Remote Volume Management (RPC-EPMAP),In,TCP,RPC-EPMap,Any,Allow
Core Networking Diagnostics - ICMP Echo Request (ICMPv6-In),In,ICMPv6,,LocalSubnet,Allow
File and Printer Sharing (Echo Request - ICMPv6-Out),Out,ICMPv6,,Any,Allow
Network Discovery (NB-Name-In),In,UDP,137,Any,Allow
File and Printer Sharing (SMB-In),In,TCP,445,Any,Allow
Windows Peer to Peer Collaboration Foundation (SSDP-Out),Out,UDP,Any,LocalSubnet,Allow
Core Networking - Multicast Listener Query (ICMPv6-Out),Out,ICMPv6,,LocalSubnet,Allow
Windows Device Management Device Enroller (TCP out),Out,TCP,49152-65535,Any,Allow
WFD Driver-only (UDP-In),In,UDP,Any,Any,Allow
WFD Driver-only (TCP-In),In,TCP,Any,Any,Allow
Windows Defender Firewall Remote Management (RPC-EPMAP),In,TCP,RPC-EPMap,Any,Allow
Remote Service Management (NP-In),In,TCP,445,LocalSubnet,Allow
AllJoyn Router (UDP-Out),Out,UDP,Any,Any,Allow
Network Discovery (UPnP-In),In,TCP,2869,LocalSubnet,Allow
Core Networking - Neighbor Discovery Advertisement (ICMPv6-Out),Out,ICMPv6,,Any,Allow
Distributed Transaction Coordinator (RPC-EPMAP),In,TCP,RPC-EPMap,LocalSubnet,Allow
Windows Collaboration Computer Name Registration Service (PNRP-Out),Out,UDP,Any,Any,Allow
File and Printer Sharing (SMB-In),In,TCP,445,LocalSubnet,Allow
Microsoft Media Foundation Network Source OUT [TCP ALL],Out,TCP,Any,LocalSubnet,Allow
Remote Service Management (RPC),In,TCP,RPC,Any,Allow
Network Discovery (NB-Datagram-In),In,UDP,138,LocalSubnet,Allow
Network Discovery (NB-Datagram-Out),Out,UDP,Any,LocalSubnet,Allow
Core Networking - Teredo (UDP-In),In,UDP,Teredo,Any,Allow
Remote Service Management (NP-In),In,TCP,445,Any,Allow
File and Printer Sharing (Echo Request - ICMPv4-In),In,ICMPv4,,LocalSubnet,Allow
Network Discovery (NB-Name-In),In,UDP,137,LocalSubnet,Allow
iSCSI Service (TCP-In),In,TCP,Any,Any,Allow
Core Networking - DNS (UDP-Out),Out,UDP,Any,Any,Allow
Core Networking - Parameter Problem (ICMPv6-In),In,ICMPv6,,Any,Allow
File and Printer Sharing (NB-Session-In),In,TCP,139,LocalSubnet,Allow
Network Discovery (WSD-In),In,UDP,3702,LocalSubnet,Allow
Windows Peer to Peer Collaboration Foundation (WSD-Out),Out,UDP,Any,LocalSubnet,Allow
File and Printer Sharing (NB-Name-In),In,UDP,137,Any,Allow
Network Discovery (SSDP-In),In,UDP,1900,LocalSubnet,Allow
Windows Remote Management - Compatibility Mode (HTTP-In),In,TCP,80,LocalSubnet,Allow
Core Networking - Internet Group Management Protocol (IGMP-Out),Out,2,,Any,Allow
Remote Service Management (RPC-EPMAP),In,TCP,RPC-EPMap,LocalSubnet,Allow
Remote Service Management (RPC),In,TCP,RPC,LocalSubnet,Allow
Network Discovery (WSD EventsSecure-In),In,TCP,5358,Any,Allow
Microsoft Media Foundation Network Source IN [TCP 554],In,TCP,"554,8554-8558",LocalSubnet,Allow
Core Networking - IPHTTPS (TCP-Out),Out,TCP,Any,Any,Allow
Core Networking - Neighbor Discovery Advertisement (ICMPv6-In),In,ICMPv6,,Any,Allow
Windows Peer to Peer Collaboration Foundation (TCP-Out),Out,TCP,Any,Any,Allow
Core Networking - Router Advertisement (ICMPv6-Out),Out,ICMPv6,,"LocalSubnet,fe80::/64,ff02::1-ff02::1",Allow
Remote Assistance (RA Server TCP-Out),Out,TCP,Any,Any,Allow
File and Printer Sharing (Echo Request - ICMPv6-Out),Out,ICMPv6,,LocalSubnet,Allow
File and Printer Sharing (Spooler Service - RPC-EPMAP),In,TCP,RPC-EPMap,LocalSubnet,Allow
Wireless Display (UDP-Out),Out,UDP,Any,Any,Allow
Wireless Display (TCP-Out),Out,TCP,Any,Any,Allow
Network Discovery (LLMNR-UDP-Out),Out,UDP,Any,LocalSubnet,Allow
Network Discovery (Pub WSD-Out),Out,UDP,Any,LocalSubnet,Allow
Network Discovery (WSD Events-Out),Out,TCP,Any,Any,Allow
Windows Defender Firewall Remote Management (RPC),In,TCP,RPC,Any,Allow
Virtual Machine Monitoring (NB-Session-In),In,TCP,139,Any,Allow
Windows Management Instrumentation (ASync-In),In,TCP,Any,Any,Allow
Network Discovery (WSD Events-In),In,TCP,5357,Any,Allow
Remote Service Management (RPC-EPMAP),In,TCP,RPC-EPMap,Any,Allow
DIAL protocol server (HTTP-In),In,TCP,10247,Any,Allow
Network Discovery (UPnP-Out),Out,TCP,Any,Any,Allow
Windows Peer to Peer Collaboration Foundation (PNRP-In),In,UDP,3540,Any,Allow
Remote Assistance (PNRP-In),In,UDP,3540,Any,Allow
Remote Scheduled Tasks Management (RPC-EPMAP),In,TCP,RPC-EPMap,Any,Allow
Recommended Troubleshooting Client (HTTP/HTTPS Out),Out,TCP,Any,Any,Allow
Core Networking - Group Policy (LSASS-Out),Out,TCP,Any,Any,Allow
File and Printer Sharing (NB-Session-Out),Out,TCP,Any,LocalSubnet,Allow
Network Discovery (WSD EventsSecure-Out),Out,TCP,Any,LocalSubnet,Allow
Network Discovery (Pub-WSD-In),In,UDP,3702,LocalSubnet,Allow
Windows Collaboration Computer Name Registration Service (SSDP-Out),Out,UDP,Any,LocalSubnet,Allow
Wireless Display Infrastructure Back Channel (TCP-In),In,TCP,7250,Any,Allow
Windows Management Instrumentation (DCOM-In),In,TCP,135,LocalSubnet,Allow
Network Discovery (NB-Datagram-In),In,UDP,138,Any,Allow
Core Networking - Router Solicitation (ICMPv6-In),In,ICMPv6,,Any,Allow
Virtual Machine Monitoring (DCOM-In),In,TCP,135,Any,Allow
Windows Management Instrumentation (WMI-Out),Out,TCP,Any,LocalSubnet,Allow
TPM Virtual Smart Card Management (TCP-In),In,TCP,Any,Any,Allow
WFD ASP Coordination Protocol (UDP-Out),Out,UDP,7235,LocalSubnet,Allow
iSCSI Service (TCP-In),In,TCP,Any,LocalSubnet,Allow
Remote Volume Management - Virtual Disk Service (RPC),In,TCP,RPC,LocalSubnet,Allow
Core Networking - Teredo (UDP-Out),Out,UDP,Any,Any,Allow
Routing and Remote Access (PPTP-In),In,TCP,1723,Any,Allow
Remote Assistance (PNRP-In),In,UDP,3540,Any,Allow
Network Discovery (NB-Name-In),In,UDP,137,LocalSubnet,Allow
Core Networking - Multicast Listener Done (ICMPv6-Out),Out,ICMPv6,,LocalSubnet,Allow
Virtual Machine Monitoring (RPC),In,TCP,RPC,Any,Allow
Windows Device Management Certificate Installer (TCP out),Out,TCP,49152-65535,Any,Allow
Distributed Transaction Coordinator (TCP-Out),Out,TCP,Any,Any,Allow
File and Printer Sharing (NB-Name-In),In,UDP,137,LocalSubnet,Allow
Delivery Optimization (TCP-In),In,TCP,7680,Any,Allow
Windows Remote Management (HTTP-In),In,TCP,5985,LocalSubnet,Allow
Windows Defender Firewall Remote Management (RPC-EPMAP),In,TCP,RPC-EPMap,LocalSubnet,Allow
Performance Logs and Alerts (TCP-In),In,TCP,Any,LocalSubnet,Allow
File and Printer Sharing (NB-Datagram-In),In,UDP,138,Any,Allow
Windows Management Instrumentation (WMI-In),In,TCP,Any,LocalSubnet,Allow
mDNS (UDP-Out),Out,UDP,Any,LocalSubnet,Allow
Core Networking Diagnostics - ICMP Echo Request (ICMPv4-Out),Out,ICMPv4,,Any,Allow
Windows Management Instrumentation (ASync-In),In,TCP,Any,LocalSubnet,Allow
SNMP Trap Service (UDP In),In,UDP,162,Any,Allow
Windows Device Management Enrollment Service (TCP out),Out,TCP,49152-65535,Any,Allow
Network Discovery (UPnP-In),In,TCP,2869,LocalSubnet,Allow
Microsoft Media Foundation Network Source IN [UDP 5004-5009],In,UDP,5000-5020,LocalSubnet,Allow
Remote Event Monitor (RPC),In,TCP,RPC,Any,Allow
Core Networking Diagnostics - ICMP Echo Request (ICMPv6-Out),Out,ICMPv6,,LocalSubnet,Allow
Core Networking - Multicast Listener Report v2 (ICMPv6-Out),Out,ICMPv6,,LocalSubnet,Allow
Remote Event Log Management (RPC-EPMAP),In,TCP,RPC-EPMap,Any,Allow
Remote Assistance (RA Server TCP-In),In,TCP,Any,Any,Allow
Network Discovery (WSD EventsSecure-In),In,TCP,5358,LocalSubnet,Allow
Network Discovery (UPnP-Out),Out,TCP,Any,LocalSubnet,Allow
Remote Volume Management (RPC-EPMAP),In,TCP,RPC-EPMap,LocalSubnet,Allow
Remote Assistance (DCOM-In),In,TCP,135,Any,Allow
File and Printer Sharing (SMB-Out),Out,TCP,Any,Any,Allow
Network Discovery (WSD Events-In),In,TCP,5357,LocalSubnet,Allow
Remote Event Monitor (RPC-EPMAP),In,TCP,RPC-EPMap,Any,Allow
Core Networking - Neighbor Discovery Solicitation (ICMPv6-In),In,ICMPv6,,Any,Allow
Remote Assistance (SSDP TCP-Out),Out,TCP,Any,LocalSubnet,Allow
Remote Assistance (SSDP UDP-Out),Out,UDP,Any,LocalSubnet,Allow
Network Discovery (WSD-In),In,UDP,3702,LocalSubnet,Allow
Core Networking - Router Solicitation (ICMPv6-Out),Out,ICMPv6,,"LocalSubnet,fe80::/64,ff02::2-ff02::2",Allow
File and Printer Sharing (Echo Request - ICMPv4-Out),Out,ICMPv4,,Any,Allow
Remote Assistance (PNRP-Out),Out,UDP,Any,Any,Allow
Wi-Fi Direct Scan Service Use (In),In,Any,,Any,Allow
Distributed Transaction Coordinator (RPC-EPMAP),In,TCP,RPC-EPMap,Any,Allow
File and Printer Sharing (SMB-Out),Out,TCP,Any,LocalSubnet,Allow
File and Printer Sharing (NB-Name-Out),Out,UDP,Any,Any,Allow
Network Discovery (UPnPHost-Out),Out,TCP,Any,LocalSubnet,Allow
iSCSI Service (TCP-Out),Out,TCP,Any,LocalSubnet,Allow
Connected Devices Platform (TCP-Out),Out,TCP,Any,Any,Allow
Inbound Rule for Remote Shutdown (TCP-In),In,TCP,RPC,Any,Allow
Network Discovery for Teredo (SSDP-In),In,UDP,Any,Any,Allow
Distributed Transaction Coordinator (RPC),In,TCP,RPC,LocalSubnet,Allow
File and Printer Sharing (Echo Request - ICMPv4-Out),Out,ICMPv4,,LocalSubnet,Allow
Core Networking - Dynamic Host Configuration Protocol for IPv6(DHCPV6-In),In,UDP,546,Any,Allow
Network Discovery (WSD-In),In,UDP,3702,LocalSubnet,Allow
TPM Virtual Smart Card Management (DCOM-In),In,TCP,135,Any,Allow
Routing and Remote Access (GRE-In),In,47,,Any,Allow
File and Printer Sharing (Spooler Service - RPC),In,TCP,RPC,LocalSubnet,Allow
File and Printer Sharing (NB-Datagram-Out),Out,UDP,Any,Any,Allow
File and Printer Sharing (NB-Session-In),In,TCP,139,Any,Allow
Core Networking - Dynamic Host Configuration Protocol (DHCP-In),In,UDP,68,Any,Allow
Core Networking - Destination Unreachable Fragmentation Needed (ICMPv4-In),In,ICMPv4,,Any,Allow
Core Networking - Router Advertisement (ICMPv6-In),In,ICMPv6,,fe80::/64,Allow
Core Networking - Parameter Problem (ICMPv6-Out),Out,ICMPv6,,Any,Allow
Network Discovery (LLMNR-UDP-In),In,UDP,5355,LocalSubnet,Allow
Delivery Optimization (UDP-In),In,UDP,7680,Any,Allow
mDNS (UDP-Out),Out,UDP,Any,Any,Allow
SNMP Trap Service (UDP In),In,UDP,162,LocalSubnet,Allow
Remote Event Log Management (NP-In),In,TCP,445,LocalSubnet,Allow
Connected Devices Platform - Wi-Fi Direct Transport (TCP-Out),Out,TCP,Any,Any,Allow
Core Networking - IPv6 (IPv6-In),In,41,,Any,Allow
Remote Event Log Management (RPC),In,TCP,RPC,LocalSubnet,Allow
Network Discovery (NB-Datagram-Out),Out,UDP,Any,LocalSubnet,Allow
Network Discovery (NB-Name-Out),Out,UDP,Any,LocalSubnet,Allow
Windows Collaboration Computer Name Registration Service (PNRP-In),In,UDP,3540,Any,Allow
Windows Peer to Peer Collaboration Foundation (WSD-In),In,UDP,3702,LocalSubnet,Allow
File and Printer Sharing (Spooler Service - RPC),In,TCP,RPC,Any,Allow
File and Printer Sharing (Spooler Service - RPC-EPMAP),In,TCP,RPC-EPMap,Any,Allow
Connected Devices Platform (UDP-Out),Out,UDP,Any,Any,Allow
Core Networking - Packet Too Big (ICMPv6-Out),Out,ICMPv6,,Any,Allow
Routing and Remote Access (L2TP-Out),Out,UDP,Any,Any,Allow
Distributed Transaction Coordinator (TCP-Out),Out,TCP,Any,LocalSubnet,Allow
Remote Assistance (TCP-Out),Out,TCP,Any,Any,Allow
Network Discovery (WSD Events-Out),Out,TCP,Any,LocalSubnet,Allow
Network Discovery (SSDP-Out),Out,UDP,Any,LocalSubnet,Allow
Remote Scheduled Tasks Management (RPC),In,TCP,RPC,Any,Allow
Wi-Fi Direct Spooler Use (In),In,Any,,Any,Allow
Remote Event Log Management (NP-In),In,TCP,445,Any,Allow
Remote Assistance (TCP-Out),Out,TCP,Any,Any,Allow
Network Discovery (UPnP-Out),Out,TCP,Any,LocalSubnet,Allow
Wi-Fi Direct Spooler Use (Out),Out,Any,,Any,Allow
